Age,Income,Experience,HoursWorked,Projects,PerformanceScore,Department,Promoted
56,96312.0,5.0,37.0,9,9,Sales,1
46,118371.0,18.0,,2,8,Sales,1
32,95324.0,6.0,20.0,9,1,HR,1
60,91196.0,15.0,39.0,7,2,IT,1
25,90014.0,4.0,29.0,7,2,IT,1
38,28210.0,15.0,29.0,14,9,Sales,1
56,30922.0,0.0,43.0,5,9,HR,1
36,56289.0,36.0,53.0,8,9,Sales,1
40,53340.0,38.0,47.0,7,1,Sales,0
28,59850.0,18.0,46.0,6,7,HR,1
28,76984.0,36.0,59.0,2,3,Sales,1
41,104178.0,16.0,20.0,6,9,IT,1
53,31094.0,25.0,52.0,14,8,Sales,1
57,107959.0,21.0,23.0,2,3,HR,1
41,53418.0,7.0,26.0,1,1,IT,0
20,25741.0,,28.0,9,9,IT,1
39,92374.0,1.0,35.0,13,1,Sales,1
19,88798.0,29.0,24.0,5,3,IT,1
41,90532.0,19.0,53.0,10,6,HR,1
61,42164.0,17.0,42.0,10,6,Sales,0
47,55595.0,9.0,44.0,4,4,IT,0
55,50257.0,23.0,32.0,12,2,HR,0
19,34211.0,3.0,43.0,11,6,Sales,0
38,115989.0,,30.0,8,5,HR,1
50,,3.0,36.0,5,6,IT,0
29,87753.0,12.0,56.0,14,7,Sales,1
39,72691.0,24.0,32.0,7,9,Sales,1
61,109765.0,12.0,46.0,3,7,IT,1
42,,17.0,39.0,8,4,HR,1
44,45613.0,23.0,52.0,8,5,IT,0
59,34026.0,1.0,51.0,3,6,Sales,0
45,73535.0,32.0,27.0,9,9,Sales,1
33,114090.0,,48.0,14,5,IT,1
32,50908.0,8.0,59.0,8,5,HR,0
64,72113.0,27.0,38.0,1,7,IT,1
61,39610.0,34.0,25.0,8,2,HR,0
20,66646.0,38.0,58.0,12,3,HR,1
54,83185.0,9.0,40.0,11,2,Sales,1
24,,0.0,41.0,4,2,HR,1
38,67574.0,20.0,29.0,6,3,Sales,1
26,111051.0,8.0,29.0,14,6,HR,1
56,56182.0,14.0,48.0,13,5,HR,0
35,20570.0,34.0,35.0,10,5,Sales,0
21,117790.0,4.0,20.0,9,2,HR,1
42,39288.0,21.0,36.0,5,2,IT,0
31,,,49.0,7,1,HR,1
26,49877.0,6.0,45.0,13,3,Sales,0
43,104425.0,22.0,38.0,1,7,Sales,1
19,20917.0,,40.0,9,5,IT,0
37,95602.0,26.0,36.0,14,7,HR,1
45,115040.0,5.0,59.0,6,9,IT,1
64,84575.0,33.0,40.0,11,6,HR,1
24,92518.0,8.0,59.0,4,2,IT,1
61,59104.0,32.0,38.0,6,1,Sales,0
25,38062.0,5.0,26.0,5,1,Sales,0
64,36999.0,36.0,36.0,3,9,IT,1
52,81845.0,30.0,20.0,7,6,HR,1
31,29941.0,33.0,56.0,3,6,HR,0
34,81169.0,28.0,25.0,13,4,Sales,1
53,43470.0,13.0,45.0,14,2,HR,0
57,79821.0,35.0,,13,3,IT,1
21,106669.0,35.0,51.0,2,3,IT,1
19,64435.0,14.0,24.0,14,8,HR,1
23,24529.0,7.0,56.0,4,6,Sales,0
59,103055.0,25.0,50.0,7,7,Sales,1
21,32192.0,35.0,31.0,5,9,Sales,1
46,94102.0,20.0,54.0,14,1,Sales,1
35,92762.0,27.0,49.0,9,2,Sales,1
43,106795.0,3.0,25.0,10,9,IT,1
61,54087.0,15.0,34.0,7,5,HR,0
51,86677.0,21.0,34.0,12,4,IT,1
27,24627.0,11.0,35.0,14,1,Sales,0
53,76541.0,15.0,39.0,9,9,Sales,1
31,88226.0,,32.0,14,9,HR,1
48,23255.0,37.0,50.0,9,4,HR,0
32,77433.0,36.0,53.0,12,9,HR,1
25,25213.0,28.0,48.0,2,1,IT,0
31,39404.0,17.0,22.0,1,5,HR,0
40,45380.0,9.0,28.0,11,1,IT,0
57,111056.0,38.0,30.0,4,4,Sales,1
38,39173.0,17.0,30.0,4,5,IT,0
33,73027.0,0.0,44.0,13,3,HR,1
62,43989.0,38.0,41.0,2,2,IT,0
35,44519.0,20.0,,3,6,IT,0
64,42439.0,0.0,39.0,3,3,IT,0
41,96949.0,14.0,40.0,5,1,HR,1
43,34995.0,3.0,29.0,1,5,IT,0
42,43559.0,19.0,41.0,9,2,HR,0
62,109049.0,,48.0,8,2,IT,1
58,25021.0,22.0,28.0,8,4,IT,0
46,118000.0,33.0,24.0,3,4,IT,1
32,41119.0,32.0,59.0,2,4,HR,0
62,71539.0,33.0,30.0,1,7,HR,1
18,114835.0,38.0,20.0,12,1,HR,1
42,59350.0,9.0,20.0,6,8,Sales,1
24,66223.0,19.0,58.0,13,9,HR,1
26,45517.0,0.0,24.0,10,6,IT,0
41,98653.0,12.0,41.0,1,4,Sales,1
18,42250.0,0.0,45.0,14,6,HR,0
61,104486.0,4.0,25.0,11,7,HR,1
25,102895.0,15.0,51.0,5,6,Sales,1
41,109132.0,14.0,30.0,9,1,Sales,1
28,111066.0,27.0,29.0,11,5,HR,1
34,86798.0,30.0,58.0,9,8,Sales,1
25,74199.0,22.0,53.0,13,8,IT,1
52,79546.0,16.0,50.0,12,9,IT,1
52,108151.0,33.0,31.0,4,4,IT,1
50,23327.0,12.0,35.0,7,6,HR,0
22,49768.0,13.0,57.0,14,7,IT,1
59,,10.0,22.0,11,5,Sales,1
56,114386.0,27.0,,7,8,IT,1
58,62788.0,31.0,24.0,4,3,Sales,1
45,102384.0,34.0,30.0,5,8,IT,1
24,,30.0,44.0,11,5,Sales,1
26,72446.0,16.0,54.0,9,1,IT,1
25,35160.0,8.0,54.0,7,6,IT,0
29,76583.0,9.0,41.0,7,2,IT,1
51,53998.0,7.0,56.0,10,7,Sales,1
50,47230.0,20.0,41.0,7,9,Sales,1
40,29076.0,12.0,30.0,9,3,IT,0
41,89341.0,4.0,51.0,5,4,Sales,1
54,51085.0,5.0,54.0,6,4,Sales,0
52,,29.0,50.0,3,4,HR,1
61,34715.0,30.0,27.0,1,3,IT,0
57,25750.0,16.0,39.0,11,5,Sales,0
39,98768.0,10.0,,12,9,Sales,1
44,55903.0,19.0,23.0,2,8,Sales,1
52,92489.0,8.0,,8,2,Sales,1
18,52093.0,1.0,23.0,13,9,HR,1
52,111036.0,36.0,39.0,1,2,Sales,1
54,599965.0,0.0,28.0,10,7,Sales,1
64,,3.0,35.0,7,5,HR,0
31,68225.0,35.0,45.0,5,7,IT,1
20,107985.0,24.0,57.0,13,5,IT,1
18,103014.0,2.0,44.0,6,6,HR,1
22,55179.0,8.0,23.0,8,8,IT,1
43,599965.0,,57.0,4,1,IT,0
31,112435.0,22.0,38.0,6,1,HR,1
56,89681.0,11.0,33.0,14,5,Sales,1
44,52101.0,,40.0,11,1,HR,0
26,22775.0,33.0,,3,3,HR,0
32,117183.0,9.0,22.0,7,9,HR,1
32,65619.0,29.0,56.0,2,7,HR,1
43,65838.0,21.0,35.0,12,6,HR,1
59,39539.0,5.0,33.0,8,8,Sales,1
30,77124.0,1.0,28.0,13,8,IT,1
49,85149.0,29.0,26.0,7,6,HR,1
56,46616.0,1.0,,12,4,Sales,0
49,99655.0,31.0,25.0,12,4,HR,1
21,110695.0,15.0,40.0,8,4,Sales,1
47,74567.0,11.0,34.0,2,6,IT,1
54,57099.0,0.0,27.0,3,1,Sales,0
40,95831.0,7.0,53.0,12,2,Sales,1
56,81799.0,12.0,59.0,4,6,IT,1
62,110221.0,14.0,20.0,12,1,IT,1
32,45479.0,7.0,51.0,9,9,Sales,1
60,66172.0,9.0,24.0,12,6,HR,1
46,119165.0,4.0,,12,7,HR,1
53,75863.0,18.0,41.0,5,1,IT,1
30,62043.0,37.0,,6,8,HR,1
49,102569.0,,35.0,1,5,IT,1
24,35408.0,19.0,26.0,4,5,Sales,0
39,77980.0,,26.0,14,6,Sales,1
45,102956.0,20.0,21.0,4,7,HR,1
19,36351.0,17.0,33.0,10,7,IT,1
59,24131.0,9.0,50.0,8,5,HR,0
62,64825.0,33.0,33.0,8,1,HR,1
23,31349.0,25.0,24.0,10,9,Sales,1
45,80931.0,29.0,30.0,6,6,HR,1
45,64254.0,8.0,59.0,8,9,Sales,1
61,58225.0,30.0,24.0,9,4,IT,0
61,32453.0,3.0,48.0,5,2,HR,0
37,38814.0,,30.0,1,3,Sales,0
47,38263.0,,24.0,1,4,HR,0
28,97694.0,3.0,51.0,2,8,IT,1
45,35735.0,25.0,55.0,2,3,HR,0
42,35830.0,38.0,34.0,5,8,HR,1
56,67893.0,16.0,38.0,7,6,Sales,1
50,64673.0,18.0,,7,4,IT,1
18,109462.0,5.0,53.0,4,7,IT,1
44,65066.0,28.0,36.0,13,5,IT,1
30,23373.0,10.0,31.0,4,5,HR,0
58,30335.0,15.0,44.0,14,9,Sales,1
20,43741.0,29.0,,14,3,HR,0
56,30692.0,24.0,29.0,11,4,HR,0
23,67295.0,39.0,47.0,10,5,HR,1
25,65541.0,10.0,37.0,3,1,IT,1
44,54057.0,6.0,37.0,11,7,Sales,1
26,86983.0,25.0,51.0,2,8,IT,1
54,39583.0,21.0,33.0,3,6,HR,0
50,42765.0,,35.0,8,9,HR,1
59,,18.0,37.0,1,3,Sales,1
61,43906.0,30.0,35.0,4,2,IT,0
41,105103.0,25.0,36.0,7,5,HR,1
32,99675.0,35.0,26.0,5,9,HR,1
49,66525.0,22.0,31.0,2,1,Sales,1
49,58230.0,12.0,53.0,1,1,HR,0
41,39520.0,24.0,29.0,6,3,IT,0
58,105238.0,1.0,24.0,13,3,IT,1
29,71934.0,,,13,5,HR,1
56,45566.0,15.0,22.0,5,4,HR,0
19,93193.0,8.0,38.0,3,6,HR,1
20,50134.0,27.0,54.0,11,8,Sales,1
54,,12.0,25.0,11,8,Sales,1
34,61185.0,34.0,33.0,11,4,IT,1
19,112949.0,12.0,23.0,9,1,IT,1
19,90744.0,30.0,37.0,3,7,HR,1
45,53455.0,20.0,48.0,2,6,HR,0
40,48018.0,31.0,54.0,5,5,HR,0
54,74219.0,33.0,57.0,9,4,Sales,1
49,65991.0,7.0,35.0,8,6,Sales,1
50,93616.0,1.0,39.0,6,8,HR,1
18,599965.0,37.0,43.0,3,6,HR,1
36,29486.0,31.0,54.0,6,3,IT,0
19,58862.0,39.0,38.0,5,9,Sales,1
61,78870.0,27.0,23.0,1,3,HR,1
43,106694.0,36.0,52.0,5,4,Sales,1
49,63856.0,0.0,21.0,14,5,HR,1
23,106055.0,9.0,32.0,7,2,HR,1
49,51379.0,3.0,49.0,9,2,IT,0
21,84729.0,34.0,53.0,12,6,IT,1
28,48378.0,9.0,49.0,1,2,IT,0
34,74353.0,10.0,43.0,3,1,HR,1
55,69996.0,13.0,52.0,8,8,IT,1
41,599965.0,37.0,29.0,6,1,HR,0
22,100072.0,11.0,37.0,13,6,Sales,1
51,85982.0,16.0,38.0,5,1,Sales,1
23,56683.0,15.0,26.0,13,8,HR,1
39,,34.0,38.0,10,5,IT,0
28,26587.0,1.0,43.0,2,3,IT,0
33,82790.0,10.0,34.0,3,5,Sales,1
50,51480.0,,42.0,12,1,HR,0
26,118530.0,28.0,23.0,2,1,HR,1
23,40527.0,17.0,57.0,1,4,HR,0
33,43569.0,19.0,23.0,7,9,Sales,1
46,31151.0,13.0,24.0,14,9,Sales,1
20,91094.0,33.0,42.0,3,1,IT,1
37,79174.0,30.0,59.0,7,3,HR,1
53,64739.0,,56.0,12,4,HR,1
36,52954.0,17.0,30.0,7,2,HR,0
43,55303.0,29.0,30.0,8,7,HR,1
20,54700.0,24.0,32.0,1,3,Sales,0
36,113036.0,18.0,33.0,5,1,IT,1
37,87568.0,7.0,,10,1,Sales,1
49,86788.0,27.0,44.0,9,3,IT,1
24,91045.0,7.0,37.0,12,6,HR,1
58,57842.0,30.0,37.0,11,4,HR,0
50,33900.0,2.0,29.0,7,1,HR,0
57,100059.0,2.0,26.0,1,7,HR,1
56,21881.0,21.0,33.0,8,2,HR,0
35,53037.0,16.0,34.0,3,5,Sales,0
57,21630.0,35.0,35.0,13,8,IT,1
18,,16.0,21.0,4,7,Sales,1
28,108059.0,13.0,49.0,4,8,HR,1
45,103494.0,8.0,49.0,10,6,IT,1
42,66151.0,29.0,37.0,14,7,IT,1
40,68920.0,20.0,50.0,12,9,HR,1
48,87231.0,11.0,32.0,8,6,IT,1
47,100357.0,36.0,39.0,1,9,Sales,1
59,,31.0,54.0,8,2,Sales,0
52,86981.0,10.0,42.0,9,2,Sales,1
24,101972.0,19.0,52.0,9,2,Sales,1
33,95485.0,34.0,,5,6,IT,1
43,74722.0,10.0,54.0,4,2,Sales,1
19,,7.0,55.0,4,3,IT,1
18,70818.0,3.0,39.0,9,8,HR,1
29,49932.0,26.0,22.0,8,8,Sales,1
22,599965.0,39.0,27.0,10,4,HR,0
54,119023.0,37.0,,10,9,Sales,1
49,28597.0,29.0,51.0,12,8,HR,1
26,83909.0,26.0,48.0,7,1,HR,1
58,92391.0,20.0,26.0,12,8,HR,1
52,104214.0,19.0,21.0,3,1,HR,1
36,28263.0,3.0,40.0,4,4,HR,0
33,83293.0,10.0,25.0,9,6,IT,1
20,45805.0,12.0,47.0,14,7,IT,1
37,111679.0,8.0,55.0,13,4,Sales,1
41,31874.0,3.0,51.0,8,8,IT,1
50,113065.0,11.0,28.0,12,8,HR,1
41,106402.0,8.0,30.0,12,9,IT,1
28,34079.0,12.0,42.0,1,6,IT,0
25,69850.0,25.0,30.0,3,4,HR,1
53,92779.0,37.0,21.0,14,2,IT,1
55,115408.0,12.0,22.0,12,7,HR,1
57,29018.0,38.0,30.0,10,3,IT,0
37,69500.0,27.0,54.0,2,3,HR,1
52,32100.0,18.0,34.0,2,3,Sales,0
42,77021.0,23.0,30.0,13,4,IT,1
52,39800.0,18.0,50.0,13,2,Sales,0
42,83400.0,12.0,47.0,8,5,HR,1
46,112446.0,12.0,47.0,6,3,HR,1
35,49437.0,27.0,51.0,12,5,Sales,0
63,96537.0,1.0,,12,7,HR,1
35,66675.0,9.0,39.0,12,9,HR,1
19,39942.0,21.0,47.0,13,2,HR,0
52,40862.0,,44.0,6,9,HR,1
33,31669.0,,30.0,4,6,HR,0
58,73772.0,,38.0,1,6,HR,1
53,35916.0,13.0,47.0,11,3,HR,0
50,30878.0,19.0,20.0,7,9,HR,1
21,22985.0,14.0,,8,4,Sales,0
50,117905.0,31.0,29.0,2,5,IT,1
31,93648.0,32.0,53.0,2,3,HR,1
38,61235.0,16.0,55.0,1,5,Sales,1
37,38931.0,23.0,21.0,4,8,HR,1
25,112876.0,29.0,37.0,6,8,IT,1
24,20336.0,12.0,32.0,14,8,HR,1
20,62933.0,15.0,24.0,5,6,Sales,1
34,104899.0,,39.0,4,1,Sales,1
50,65536.0,16.0,21.0,14,6,IT,1
29,89504.0,31.0,30.0,4,7,HR,1
39,119214.0,7.0,49.0,10,9,Sales,1
39,71148.0,2.0,51.0,7,8,IT,1
63,36279.0,11.0,51.0,7,8,IT,1
47,88665.0,19.0,57.0,2,7,HR,1
55,91386.0,15.0,47.0,13,2,Sales,1
55,106124.0,13.0,29.0,7,1,HR,1
62,97485.0,15.0,41.0,2,2,HR,1
25,94055.0,32.0,36.0,4,6,HR,1
44,111911.0,29.0,41.0,1,2,Sales,1
44,118618.0,11.0,38.0,5,4,IT,1
51,97273.0,14.0,36.0,1,3,HR,1
38,86670.0,17.0,43.0,4,6,HR,1
47,96474.0,27.0,,13,8,Sales,1
50,74028.0,22.0,51.0,9,6,HR,1
45,110022.0,13.0,55.0,13,2,IT,1
64,111632.0,29.0,47.0,12,5,HR,1
50,91128.0,32.0,33.0,8,6,IT,1
22,38108.0,14.0,55.0,6,9,HR,1
36,72495.0,6.0,25.0,8,6,HR,1
21,102806.0,14.0,28.0,5,5,HR,1
52,113185.0,37.0,40.0,7,1,IT,1
34,96533.0,10.0,31.0,8,5,HR,1
61,,28.0,,7,5,HR,1
45,76830.0,30.0,50.0,14,6,HR,1
47,94640.0,24.0,59.0,4,7,IT,1
46,72509.0,23.0,23.0,5,4,HR,1
63,86406.0,18.0,50.0,13,7,Sales,1
23,114220.0,1.0,46.0,14,5,IT,1
52,59519.0,21.0,44.0,10,6,Sales,0
58,69649.0,19.0,24.0,6,4,HR,1
54,54524.0,32.0,25.0,14,8,IT,1
41,116493.0,7.0,24.0,14,9,IT,1
46,53885.0,24.0,46.0,12,2,HR,0
63,64369.0,8.0,27.0,11,4,Sales,1
48,115402.0,33.0,28.0,6,8,IT,1
52,50676.0,22.0,34.0,13,8,IT,1
50,84093.0,4.0,55.0,9,9,IT,1
38,67764.0,24.0,26.0,10,3,IT,1
49,70799.0,7.0,51.0,14,1,IT,1
40,,15.0,,14,9,HR,1
50,113095.0,14.0,34.0,2,1,IT,1
20,92307.0,0.0,56.0,6,3,Sales,1
35,102062.0,21.0,38.0,13,3,IT,1
42,115432.0,2.0,58.0,3,9,HR,1
59,51923.0,37.0,25.0,14,1,HR,0
48,98388.0,13.0,38.0,2,7,Sales,1
20,67574.0,35.0,47.0,6,2,IT,1
57,63391.0,17.0,36.0,4,7,Sales,1
63,,17.0,38.0,5,1,Sales,1
41,87384.0,2.0,50.0,5,8,Sales,1
49,51027.0,9.0,30.0,3,2,Sales,0
64,55464.0,38.0,34.0,12,3,IT,0
39,54485.0,0.0,29.0,4,8,HR,1
40,39456.0,26.0,42.0,3,3,HR,0
19,94795.0,26.0,22.0,7,1,IT,1
44,55554.0,10.0,22.0,1,9,Sales,1
59,66922.0,4.0,37.0,6,8,IT,1
19,33409.0,6.0,44.0,4,4,Sales,0
43,,18.0,39.0,1,8,Sales,1
34,111400.0,28.0,48.0,1,5,IT,1
57,56639.0,14.0,,5,3,IT,0
50,83627.0,34.0,34.0,14,1,Sales,1
26,,,58.0,5,5,Sales,1
60,39692.0,11.0,29.0,10,6,Sales,0
56,109037.0,29.0,40.0,7,4,Sales,1
46,98840.0,19.0,48.0,13,7,IT,1
59,74200.0,36.0,51.0,12,3,HR,1
43,113063.0,2.0,29.0,4,7,HR,1
52,77415.0,8.0,32.0,14,1,Sales,1
42,38074.0,38.0,42.0,9,7,HR,1
41,35549.0,25.0,42.0,4,1,HR,0
30,49963.0,1.0,,7,1,HR,0
24,111456.0,,23.0,5,2,HR,1
53,116362.0,22.0,22.0,5,2,HR,1
62,,20.0,40.0,6,4,HR,1
37,36061.0,,21.0,8,1,Sales,0
18,78226.0,8.0,23.0,5,4,Sales,1
25,48810.0,12.0,20.0,3,2,Sales,0
63,,27.0,34.0,6,4,IT,1
33,42800.0,26.0,52.0,14,4,HR,0
31,95476.0,16.0,25.0,12,9,HR,1
29,89460.0,37.0,26.0,14,9,IT,1
40,77767.0,35.0,38.0,2,1,HR,1
32,48054.0,0.0,20.0,12,5,Sales,0
45,95319.0,17.0,58.0,12,7,Sales,1
51,65397.0,8.0,38.0,8,4,IT,1
19,33233.0,12.0,45.0,8,5,Sales,0
49,110020.0,39.0,31.0,3,2,IT,1
40,45068.0,14.0,41.0,12,3,Sales,0
39,85727.0,3.0,32.0,8,7,HR,1
42,110610.0,32.0,47.0,9,7,Sales,1
39,90453.0,23.0,33.0,5,4,IT,1
39,45832.0,,41.0,5,1,HR,0
59,106242.0,9.0,49.0,6,1,IT,1
23,33682.0,35.0,39.0,7,4,HR,0
32,112298.0,19.0,46.0,3,4,HR,1
60,43383.0,10.0,57.0,5,6,Sales,0
54,78160.0,11.0,53.0,1,7,Sales,1
50,113332.0,17.0,58.0,11,9,HR,1
25,43666.0,29.0,56.0,10,9,Sales,1
61,78817.0,36.0,20.0,5,5,Sales,1
61,111198.0,19.0,34.0,4,3,IT,1
22,54642.0,24.0,51.0,1,3,Sales,0
56,61830.0,11.0,27.0,7,6,HR,1
21,30234.0,20.0,52.0,1,1,Sales,0
23,77616.0,24.0,37.0,13,7,HR,1
62,29221.0,10.0,48.0,8,3,HR,0
49,31410.0,8.0,51.0,14,5,IT,0
47,100055.0,24.0,52.0,10,7,HR,1
64,81413.0,34.0,24.0,12,7,HR,1
52,21051.0,31.0,37.0,2,9,IT,1
57,95301.0,13.0,29.0,10,1,HR,1
33,96918.0,0.0,55.0,13,3,IT,1
30,98116.0,16.0,52.0,12,9,HR,1
59,76563.0,24.0,42.0,5,8,Sales,1
47,117859.0,7.0,59.0,13,2,IT,1
36,64757.0,4.0,24.0,6,8,IT,1
34,97475.0,4.0,53.0,9,8,HR,1
36,71257.0,34.0,43.0,14,2,IT,1
45,115500.0,18.0,,7,8,HR,1
43,20307.0,22.0,50.0,6,3,IT,0
54,76889.0,8.0,26.0,5,7,IT,1
43,88895.0,29.0,36.0,6,9,Sales,1
40,115184.0,15.0,47.0,14,4,HR,1
26,55944.0,32.0,,11,6,Sales,0
29,119555.0,1.0,41.0,4,9,IT,1
18,58134.0,13.0,34.0,1,5,HR,0
18,47323.0,0.0,,12,1,Sales,0
64,91762.0,25.0,34.0,9,3,IT,1
51,107225.0,24.0,,11,9,Sales,1
49,116507.0,15.0,40.0,5,3,IT,1
42,45954.0,14.0,57.0,8,2,IT,0
57,75021.0,25.0,21.0,7,4,HR,1
62,109959.0,,46.0,8,5,HR,1
18,115927.0,,51.0,1,7,HR,1
33,99866.0,28.0,40.0,9,7,IT,1
56,90427.0,23.0,23.0,1,9,Sales,1
22,,14.0,38.0,3,8,HR,1
39,21961.0,18.0,21.0,8,2,HR,0
46,32497.0,7.0,45.0,12,8,HR,1
20,52551.0,33.0,53.0,11,8,HR,1
29,96384.0,1.0,33.0,1,5,IT,1
43,75755.0,26.0,34.0,14,3,Sales,1
33,33255.0,9.0,39.0,1,9,IT,1
54,24567.0,34.0,53.0,6,7,IT,1
39,68847.0,22.0,55.0,5,1,IT,1
46,68003.0,7.0,38.0,11,8,HR,1
31,40389.0,27.0,28.0,6,5,Sales,0
45,64523.0,22.0,26.0,3,6,IT,1
22,81576.0,3.0,49.0,10,9,IT,1
64,63919.0,13.0,32.0,12,8,IT,1
47,102103.0,28.0,46.0,10,3,HR,1
63,23358.0,0.0,54.0,6,5,HR,0
22,108535.0,3.0,32.0,2,4,IT,1
29,,31.0,34.0,8,1,HR,1
33,117057.0,32.0,28.0,12,5,Sales,1
43,25698.0,25.0,42.0,6,7,HR,1
43,86809.0,16.0,55.0,13,1,IT,1
38,113079.0,38.0,59.0,13,4,Sales,1
56,75805.0,22.0,22.0,4,6,HR,1
53,51349.0,31.0,53.0,4,9,IT,1
50,96777.0,14.0,38.0,14,8,Sales,1
47,70248.0,,47.0,11,2,Sales,1
54,95033.0,1.0,42.0,7,3,Sales,1
40,118239.0,18.0,59.0,14,5,HR,1
27,64041.0,23.0,26.0,3,7,Sales,1
22,51954.0,23.0,31.0,11,3,HR,0
53,28002.0,10.0,33.0,3,7,IT,1
51,89783.0,21.0,34.0,6,5,HR,1
48,107234.0,14.0,22.0,9,6,HR,1
27,39738.0,,34.0,1,6,IT,0
36,,26.0,43.0,5,4,HR,0
49,69422.0,8.0,27.0,1,8,HR,1
18,,27.0,24.0,1,9,IT,1
22,81899.0,0.0,23.0,3,2,Sales,1
62,599965.0,16.0,33.0,3,9,IT,1
21,64724.0,30.0,35.0,4,4,Sales,1
33,52299.0,9.0,39.0,3,6,HR,0
41,35641.0,36.0,43.0,6,7,IT,1
33,99534.0,28.0,25.0,12,4,Sales,1
19,26305.0,17.0,50.0,4,8,HR,1
45,,37.0,25.0,8,8,HR,1
49,38782.0,38.0,54.0,1,1,HR,0
44,98257.0,5.0,34.0,8,8,Sales,1
37,97963.0,39.0,48.0,11,3,Sales,1
41,40566.0,11.0,22.0,1,5,Sales,0
29,87766.0,,30.0,11,8,HR,1
52,26511.0,9.0,22.0,1,6,Sales,0
50,46177.0,19.0,47.0,7,4,IT,0
50,24765.0,14.0,,1,4,Sales,0
60,40354.0,30.0,52.0,9,4,Sales,0
54,43929.0,6.0,35.0,14,6,HR,0
29,48820.0,9.0,29.0,8,7,IT,1
20,49523.0,9.0,52.0,13,5,IT,0
18,91088.0,38.0,55.0,1,8,IT,1
50,86163.0,27.0,22.0,2,7,Sales,1
57,97525.0,29.0,24.0,2,8,HR,1
27,33780.0,36.0,,2,4,Sales,0
60,26589.0,2.0,32.0,6,8,HR,1
61,54812.0,14.0,43.0,4,6,IT,0
46,,20.0,51.0,8,3,Sales,1
30,65939.0,36.0,35.0,1,8,HR,1
29,71493.0,11.0,51.0,10,7,Sales,1
48,113326.0,3.0,56.0,14,5,HR,1
63,60953.0,8.0,55.0,4,4,IT,1
19,85785.0,38.0,40.0,10,1,Sales,1
52,39309.0,27.0,31.0,11,3,IT,0
40,74195.0,22.0,40.0,5,2,Sales,1
34,45901.0,39.0,40.0,9,8,Sales,1
43,43576.0,21.0,25.0,5,8,HR,1
25,51508.0,23.0,28.0,13,5,HR,0
46,94711.0,25.0,,11,5,HR,1
43,45464.0,29.0,31.0,3,4,IT,0
27,80281.0,32.0,33.0,11,1,IT,1
43,36260.0,15.0,25.0,4,1,Sales,0
51,55440.0,21.0,20.0,10,6,HR,0
58,115082.0,17.0,41.0,7,4,IT,1
24,76683.0,6.0,53.0,1,4,Sales,1
21,61430.0,25.0,30.0,11,3,IT,1
62,21987.0,7.0,,6,9,Sales,1
28,45105.0,5.0,25.0,8,3,HR,0
46,98484.0,29.0,25.0,1,8,Sales,1
53,33026.0,38.0,39.0,8,2,Sales,0
42,88309.0,22.0,40.0,7,4,HR,1
38,65927.0,,21.0,1,1,HR,1
53,95414.0,21.0,45.0,9,5,Sales,1
27,77535.0,8.0,50.0,11,2,IT,1
54,62946.0,30.0,45.0,3,1,HR,1
26,76561.0,6.0,51.0,2,1,Sales,1
41,30377.0,8.0,29.0,7,2,HR,0
52,73592.0,12.0,42.0,11,5,HR,1
52,27347.0,2.0,25.0,3,9,IT,1
53,53776.0,34.0,42.0,1,6,HR,0
35,23783.0,32.0,47.0,10,4,Sales,0
56,75798.0,20.0,49.0,13,3,Sales,1
49,24298.0,30.0,33.0,3,8,HR,1
41,90204.0,33.0,56.0,6,3,HR,1
40,,31.0,51.0,3,1,IT,1
49,75161.0,34.0,53.0,5,4,IT,1
54,80652.0,14.0,41.0,9,5,IT,1
29,54484.0,31.0,50.0,7,5,Sales,0
30,118614.0,5.0,26.0,2,5,IT,1
40,40922.0,20.0,40.0,1,8,Sales,1
42,54028.0,32.0,35.0,7,8,IT,1
52,40316.0,31.0,39.0,4,4,Sales,0
58,96996.0,18.0,38.0,11,9,HR,1
47,36968.0,32.0,51.0,7,1,Sales,0
34,,27.0,34.0,6,5,HR,0
37,115745.0,30.0,24.0,7,5,Sales,1
42,44000.0,20.0,30.0,4,5,Sales,0
39,34011.0,33.0,34.0,3,8,HR,1
30,22866.0,14.0,48.0,12,9,Sales,1
36,25898.0,13.0,23.0,5,3,Sales,0
53,38395.0,,55.0,3,9,IT,1
29,59019.0,14.0,,14,8,HR,1
58,24006.0,5.0,,3,3,HR,0
36,54393.0,8.0,22.0,4,2,IT,0
29,30956.0,36.0,51.0,8,4,IT,0
26,70042.0,19.0,29.0,2,2,HR,1
24,116199.0,33.0,,4,4,HR,1
45,26078.0,37.0,57.0,11,5,HR,0
31,49631.0,25.0,41.0,3,2,IT,0
48,115676.0,17.0,33.0,7,8,IT,1
36,82901.0,27.0,36.0,2,1,Sales,1
64,89497.0,8.0,40.0,1,3,IT,1
33,114813.0,31.0,34.0,10,7,Sales,1
22,61574.0,5.0,34.0,1,1,Sales,1
52,51417.0,13.0,20.0,6,2,IT,0
29,108020.0,27.0,43.0,3,3,IT,1
42,,23.0,31.0,7,2,IT,1
38,85006.0,12.0,29.0,8,2,IT,1
53,114881.0,11.0,50.0,5,6,HR,1
40,59454.0,18.0,30.0,5,7,IT,1
33,21587.0,20.0,35.0,12,6,Sales,0
56,74710.0,26.0,28.0,2,6,Sales,1
62,106567.0,18.0,33.0,8,9,HR,1
59,111748.0,23.0,38.0,10,8,HR,1
56,95886.0,25.0,50.0,13,8,IT,1
31,,27.0,28.0,1,6,HR,0
48,,17.0,55.0,10,5,IT,1
22,49432.0,35.0,58.0,9,9,IT,1
52,68617.0,28.0,45.0,1,2,HR,1
40,92373.0,16.0,27.0,1,7,HR,1
46,54217.0,3.0,43.0,1,6,Sales,0
60,40884.0,28.0,27.0,7,7,HR,1
28,25454.0,3.0,38.0,4,4,HR,0
35,94960.0,9.0,49.0,12,9,HR,1
64,63618.0,24.0,41.0,7,7,Sales,1
29,103948.0,30.0,28.0,5,2,IT,1
26,82671.0,2.0,23.0,12,4,Sales,1
27,67111.0,,56.0,14,5,HR,1
61,59613.0,24.0,27.0,7,2,HR,0
34,105678.0,5.0,20.0,10,8,HR,1
55,79993.0,25.0,47.0,14,1,IT,1
24,28848.0,7.0,25.0,7,3,Sales,0
63,98672.0,34.0,55.0,4,1,Sales,1
30,86125.0,26.0,30.0,2,5,IT,1
57,106444.0,24.0,24.0,8,8,Sales,1
59,81602.0,17.0,43.0,2,7,IT,1
26,92045.0,0.0,37.0,9,9,IT,1
44,62222.0,38.0,39.0,5,2,Sales,1
19,69223.0,2.0,47.0,9,8,Sales,1
22,85333.0,3.0,32.0,9,8,IT,1
46,72732.0,36.0,24.0,14,6,Sales,1
54,69420.0,14.0,49.0,8,3,IT,1
55,95504.0,7.0,20.0,8,2,Sales,1
36,22462.0,37.0,41.0,4,8,Sales,1
25,29460.0,18.0,37.0,14,6,Sales,0
62,119319.0,25.0,24.0,4,4,Sales,1
18,29275.0,38.0,50.0,14,5,Sales,0
39,114213.0,9.0,25.0,2,5,HR,1
34,33269.0,37.0,46.0,4,9,HR,1
24,85942.0,13.0,44.0,4,9,Sales,1
42,92920.0,18.0,,6,8,Sales,1
62,42553.0,29.0,47.0,3,8,Sales,1
21,44366.0,4.0,35.0,2,2,IT,0
53,64036.0,30.0,31.0,8,3,HR,1
23,37369.0,,,2,8,IT,1
48,31795.0,,37.0,8,5,HR,0
36,90021.0,30.0,53.0,7,7,HR,1
61,88154.0,38.0,42.0,3,8,Sales,1
56,50143.0,23.0,46.0,6,6,Sales,0
44,,33.0,36.0,6,5,IT,0
27,108209.0,22.0,40.0,10,8,IT,1
43,95139.0,39.0,59.0,14,1,Sales,1
36,25368.0,5.0,50.0,5,1,Sales,0
56,24621.0,37.0,22.0,13,1,HR,0
20,78829.0,35.0,36.0,8,3,HR,1
62,80294.0,26.0,45.0,11,6,Sales,1
30,34719.0,10.0,42.0,12,6,HR,0
45,49227.0,4.0,25.0,5,5,IT,0
37,27566.0,16.0,47.0,7,7,HR,1
45,32306.0,6.0,27.0,6,5,Sales,0
25,73822.0,26.0,27.0,11,2,HR,1
58,44042.0,14.0,38.0,7,4,Sales,0
56,35086.0,12.0,57.0,13,1,HR,0
18,37387.0,10.0,48.0,9,7,IT,1
20,47042.0,25.0,42.0,3,4,IT,0
30,109424.0,21.0,51.0,10,4,Sales,1
45,71618.0,27.0,29.0,7,4,Sales,1
42,112050.0,23.0,46.0,13,3,Sales,1
50,38323.0,28.0,20.0,10,8,HR,1
55,,8.0,58.0,3,4,HR,0
23,,3.0,48.0,13,8,HR,1
61,60863.0,17.0,22.0,2,9,IT,1
62,30283.0,15.0,56.0,12,1,Sales,0
49,38279.0,32.0,50.0,7,4,HR,0
62,66999.0,28.0,30.0,4,6,IT,1
64,82780.0,38.0,,1,8,Sales,1
38,42908.0,9.0,37.0,6,6,IT,0
33,81584.0,8.0,54.0,11,6,Sales,1
38,70225.0,30.0,25.0,6,4,HR,1
28,57952.0,27.0,22.0,6,9,IT,1
54,57663.0,2.0,24.0,2,7,IT,1
53,81381.0,13.0,28.0,1,6,IT,1
52,67929.0,24.0,47.0,3,1,Sales,1
36,29343.0,14.0,38.0,12,2,Sales,0
37,96173.0,1.0,47.0,14,6,IT,1
35,59791.0,,46.0,2,1,Sales,0
64,49134.0,13.0,32.0,6,5,IT,0
58,67101.0,6.0,57.0,13,1,HR,1
31,89443.0,,40.0,12,3,IT,1
32,119111.0,23.0,46.0,6,7,IT,1
48,77530.0,26.0,25.0,13,5,Sales,1
18,66799.0,36.0,57.0,5,1,Sales,1
20,24827.0,37.0,30.0,10,1,Sales,0
33,116143.0,29.0,36.0,10,8,HR,1
40,82653.0,26.0,58.0,5,9,HR,1
28,,38.0,26.0,9,7,HR,1
29,111419.0,14.0,49.0,14,3,Sales,1
27,25313.0,25.0,40.0,5,6,IT,0
49,33598.0,0.0,20.0,13,3,IT,0
33,48807.0,3.0,44.0,10,4,IT,0
25,90423.0,28.0,51.0,6,4,Sales,1
55,89390.0,0.0,27.0,11,3,Sales,1
29,65226.0,21.0,24.0,4,6,HR,1
41,,10.0,49.0,10,5,Sales,1
45,,9.0,27.0,14,9,IT,1
25,23558.0,16.0,,14,9,HR,1
45,95308.0,35.0,49.0,1,3,HR,1
53,70113.0,25.0,34.0,4,9,Sales,1
43,72999.0,20.0,55.0,2,3,HR,1
25,75878.0,12.0,46.0,10,4,HR,1
45,56343.0,8.0,32.0,3,1,Sales,0
45,78219.0,10.0,33.0,7,5,HR,1
54,55186.0,10.0,56.0,7,9,IT,1
58,56966.0,5.0,49.0,1,2,Sales,0
53,53769.0,0.0,58.0,8,4,IT,0
44,,5.0,32.0,7,2,IT,1
34,39229.0,12.0,35.0,1,8,IT,1
26,95209.0,21.0,26.0,8,9,IT,1
50,47877.0,30.0,46.0,14,3,HR,0
37,78001.0,21.0,54.0,14,9,HR,1
30,117137.0,,,2,6,Sales,1
45,58084.0,26.0,47.0,8,6,Sales,0
46,101780.0,13.0,54.0,3,7,IT,1
30,112892.0,4.0,26.0,10,5,IT,1
63,36806.0,35.0,39.0,7,6,Sales,0
52,108635.0,31.0,51.0,13,1,Sales,1
23,57034.0,33.0,57.0,6,3,Sales,0
35,60317.0,6.0,59.0,5,9,Sales,1
22,75468.0,9.0,51.0,11,5,IT,1
64,39094.0,16.0,45.0,10,5,Sales,0
42,77796.0,29.0,58.0,14,8,HR,1
19,30589.0,,39.0,11,2,IT,0
27,77221.0,12.0,,2,7,HR,1
47,21657.0,0.0,34.0,2,9,Sales,1
62,118300.0,0.0,41.0,13,7,HR,1
22,59531.0,32.0,41.0,12,5,Sales,0
50,72227.0,37.0,40.0,1,6,HR,1
18,23164.0,24.0,21.0,14,4,IT,0
35,113078.0,25.0,59.0,9,7,HR,1
49,103973.0,12.0,37.0,11,1,IT,1
64,61247.0,27.0,42.0,8,4,HR,1
28,39601.0,32.0,32.0,8,3,HR,0
38,113966.0,36.0,28.0,1,4,IT,1
43,70599.0,29.0,26.0,5,1,IT,1
42,91545.0,7.0,20.0,12,2,Sales,1
39,,0.0,21.0,6,9,IT,1
44,29417.0,11.0,23.0,2,7,IT,1
30,78579.0,4.0,33.0,10,6,Sales,1
50,88207.0,23.0,51.0,5,2,IT,1
51,92055.0,5.0,55.0,6,1,IT,1
58,,24.0,21.0,9,2,HR,1
52,23722.0,0.0,59.0,10,7,Sales,1
18,90442.0,24.0,33.0,1,2,Sales,1
38,115632.0,0.0,39.0,13,3,HR,1
23,60031.0,31.0,44.0,10,8,Sales,1
45,99235.0,2.0,27.0,3,7,HR,1
34,41438.0,18.0,47.0,12,9,IT,1
22,78819.0,28.0,40.0,9,4,Sales,1
48,63856.0,1.0,42.0,14,7,IT,1
22,53576.0,8.0,51.0,1,1,Sales,0
55,61938.0,16.0,27.0,1,2,IT,1
20,69028.0,35.0,50.0,1,7,Sales,1
40,79807.0,16.0,56.0,7,2,Sales,1
54,,11.0,35.0,13,6,IT,1
54,117783.0,19.0,59.0,5,9,HR,1
27,63461.0,,46.0,6,5,Sales,1
27,113474.0,3.0,59.0,13,7,HR,1
36,60469.0,16.0,37.0,14,1,HR,1
34,103136.0,36.0,54.0,8,8,HR,1
38,40435.0,14.0,34.0,14,9,HR,1
31,104117.0,32.0,46.0,13,5,HR,1
26,34191.0,15.0,36.0,2,6,HR,0
63,104726.0,10.0,59.0,13,8,Sales,1
18,,19.0,21.0,2,4,HR,0
62,51721.0,37.0,50.0,3,2,Sales,0
30,74786.0,23.0,56.0,13,8,Sales,1
21,33704.0,15.0,53.0,3,2,Sales,0
18,76635.0,29.0,53.0,13,5,IT,1
57,22123.0,33.0,22.0,3,6,HR,0
49,110710.0,0.0,36.0,4,5,IT,1
51,82993.0,23.0,33.0,3,6,HR,1
45,100122.0,23.0,33.0,2,6,IT,1
48,117512.0,8.0,57.0,9,3,Sales,1
25,,21.0,54.0,6,3,IT,0
56,21814.0,11.0,20.0,3,9,Sales,1
43,98537.0,,48.0,9,3,IT,1
51,70258.0,24.0,23.0,4,3,HR,1
20,36508.0,27.0,52.0,4,2,HR,0
29,105166.0,14.0,36.0,8,7,IT,1
18,98916.0,,47.0,7,4,IT,1
61,55699.0,26.0,45.0,7,1,HR,0
22,66335.0,21.0,27.0,10,6,IT,1
47,66806.0,9.0,53.0,7,5,IT,1
47,97853.0,30.0,37.0,10,2,HR,1
34,,26.0,50.0,11,6,Sales,1
64,55739.0,,46.0,5,1,HR,0
40,54785.0,30.0,35.0,7,3,HR,0
32,51980.0,,29.0,4,4,IT,0
54,109335.0,31.0,59.0,8,3,HR,1
38,114702.0,34.0,31.0,9,6,HR,1
31,105016.0,20.0,41.0,13,4,IT,1
19,21609.0,9.0,35.0,12,1,IT,0
28,,15.0,31.0,3,5,Sales,1
56,105481.0,6.0,,7,5,HR,1
55,599965.0,3.0,39.0,12,9,Sales,1
51,48141.0,26.0,20.0,10,8,Sales,1
55,50009.0,24.0,46.0,9,8,Sales,1
51,26782.0,30.0,22.0,1,5,Sales,0
35,112072.0,10.0,31.0,2,8,HR,1
47,119352.0,19.0,49.0,7,7,HR,1
32,45933.0,,28.0,13,1,HR,0
44,,16.0,,2,7,Sales,1
51,28307.0,10.0,20.0,7,8,IT,1
55,112207.0,29.0,23.0,1,3,HR,1
50,95874.0,34.0,34.0,3,9,Sales,1
41,58346.0,37.0,46.0,5,8,Sales,1
32,70772.0,21.0,27.0,14,2,Sales,1
47,92084.0,26.0,42.0,12,6,Sales,1
59,60149.0,36.0,34.0,14,4,Sales,1
34,106700.0,34.0,,11,3,Sales,1
22,47526.0,3.0,50.0,6,6,HR,0
46,116758.0,15.0,58.0,13,9,IT,1
21,105712.0,15.0,27.0,9,2,HR,1
27,88477.0,20.0,,9,5,HR,1
34,25695.0,25.0,37.0,3,6,Sales,0
27,59169.0,35.0,23.0,14,4,HR,0
34,67947.0,18.0,41.0,8,7,IT,1
37,67224.0,16.0,22.0,13,2,IT,1
41,65865.0,25.0,,4,7,Sales,1
22,45553.0,21.0,54.0,7,2,IT,0
51,80410.0,27.0,57.0,6,1,Sales,1
23,110895.0,0.0,52.0,8,5,IT,1
19,44816.0,35.0,33.0,6,2,IT,0
30,75026.0,36.0,20.0,4,8,HR,1
60,70705.0,,45.0,2,8,IT,1
60,81922.0,16.0,27.0,7,1,Sales,1
28,93914.0,39.0,35.0,11,4,IT,1
64,21881.0,37.0,57.0,13,9,IT,1
40,59567.0,20.0,29.0,11,5,HR,0
33,67365.0,8.0,56.0,4,6,Sales,1
48,99211.0,12.0,45.0,13,3,Sales,1
28,90122.0,10.0,47.0,9,5,Sales,1
33,,15.0,31.0,9,1,HR,0
25,61198.0,15.0,39.0,7,8,IT,1
21,42831.0,1.0,33.0,5,6,Sales,0
57,36459.0,7.0,54.0,3,2,IT,0
21,52443.0,12.0,48.0,3,4,IT,0
42,62316.0,16.0,31.0,9,4,IT,1
20,116131.0,38.0,37.0,9,9,HR,1
49,84486.0,23.0,21.0,12,9,IT,1
20,25877.0,2.0,21.0,13,5,HR,0
44,59553.0,29.0,36.0,11,3,HR,0
46,24922.0,12.0,29.0,4,1,HR,0
49,24686.0,18.0,37.0,11,6,Sales,0
36,52766.0,,41.0,1,8,HR,1
38,,8.0,,13,1,Sales,1
22,52006.0,18.0,20.0,10,1,HR,0
35,51422.0,39.0,43.0,5,7,HR,1
45,32205.0,21.0,55.0,14,7,HR,1
59,106590.0,17.0,44.0,8,2,HR,1
39,43527.0,22.0,55.0,10,3,IT,0
38,38443.0,1.0,50.0,4,2,IT,0
23,36524.0,,,10,6,HR,0
18,,30.0,21.0,10,8,IT,1
22,85552.0,32.0,38.0,4,8,Sales,1
58,66142.0,13.0,31.0,13,1,IT,1
29,81692.0,15.0,29.0,12,9,IT,1
43,102384.0,10.0,50.0,14,8,IT,1
63,40855.0,32.0,41.0,9,9,HR,1
51,,6.0,42.0,9,9,Sales,1
31,80372.0,30.0,42.0,7,6,HR,1
43,,13.0,34.0,10,3,Sales,0
62,58724.0,27.0,45.0,8,1,HR,0
44,,15.0,22.0,12,8,IT,1
26,72003.0,18.0,42.0,12,3,Sales,1
43,88379.0,16.0,39.0,4,7,IT,1
64,114837.0,25.0,59.0,8,6,Sales,1
39,111996.0,5.0,58.0,14,3,Sales,1
64,117454.0,,27.0,6,6,HR,1
47,114283.0,16.0,37.0,13,3,HR,1
60,35972.0,30.0,25.0,3,9,IT,1
34,113846.0,11.0,46.0,7,1,IT,1
43,42927.0,22.0,55.0,3,8,Sales,1
53,86630.0,4.0,34.0,11,5,Sales,1
18,72347.0,35.0,56.0,7,4,HR,1
25,599965.0,35.0,24.0,5,1,HR,1
52,108860.0,,58.0,4,9,HR,1
32,106210.0,,28.0,3,9,HR,1
64,89518.0,16.0,26.0,8,5,HR,1
39,65283.0,38.0,,4,9,Sales,1
31,101326.0,25.0,29.0,8,9,Sales,1
43,32205.0,3.0,45.0,10,7,IT,1
45,109874.0,11.0,23.0,3,8,Sales,1
40,32748.0,0.0,57.0,10,1,HR,0
31,599965.0,20.0,43.0,13,4,Sales,0
41,23092.0,18.0,33.0,9,4,Sales,0
19,599965.0,20.0,20.0,6,9,Sales,1
62,42692.0,17.0,36.0,5,3,IT,0
43,43862.0,2.0,43.0,5,1,IT,0
31,110396.0,31.0,46.0,13,5,Sales,1
24,99507.0,,26.0,3,7,Sales,1
20,100152.0,39.0,28.0,2,4,HR,1
64,90469.0,14.0,54.0,6,9,IT,1
40,24926.0,4.0,31.0,11,6,HR,0
63,111299.0,3.0,40.0,1,6,HR,1
60,23969.0,27.0,22.0,14,3,Sales,0
64,55733.0,,34.0,7,5,Sales,0
62,89855.0,14.0,40.0,5,6,Sales,1
35,61743.0,16.0,29.0,4,4,HR,1
55,59876.0,,52.0,9,3,HR,0
52,40323.0,9.0,25.0,10,5,HR,0
32,36428.0,22.0,21.0,1,7,Sales,1
42,54578.0,17.0,48.0,11,6,Sales,0
54,106486.0,0.0,59.0,4,2,Sales,1
45,84140.0,34.0,52.0,3,1,HR,1
27,103829.0,30.0,23.0,6,5,HR,1
56,26364.0,0.0,23.0,5,5,IT,0
34,55349.0,,48.0,7,6,Sales,0
56,20691.0,2.0,56.0,13,3,HR,0
39,115598.0,,39.0,1,1,IT,1
43,86467.0,18.0,42.0,13,4,HR,1
61,65896.0,28.0,37.0,5,4,HR,1
42,77062.0,,44.0,14,2,Sales,1
34,117266.0,32.0,20.0,2,8,IT,1
30,99762.0,35.0,34.0,2,6,HR,1
37,33861.0,28.0,53.0,11,3,IT,0
42,116837.0,25.0,39.0,11,1,IT,1
21,108302.0,3.0,56.0,2,3,Sales,1
27,83928.0,13.0,46.0,9,8,IT,1
20,103231.0,26.0,41.0,10,4,Sales,1
58,,32.0,24.0,3,3,Sales,1
62,23121.0,21.0,53.0,4,4,Sales,0
35,103793.0,2.0,58.0,5,4,IT,1
64,48164.0,22.0,22.0,14,2,HR,0
53,45491.0,20.0,36.0,4,4,Sales,0
64,79222.0,22.0,43.0,4,9,HR,1
39,43165.0,3.0,43.0,5,4,IT,0
51,23748.0,20.0,22.0,10,1,HR,0
64,118581.0,36.0,,9,1,HR,1
25,46553.0,30.0,44.0,12,1,Sales,0
57,80380.0,20.0,22.0,9,5,Sales,1
61,64331.0,25.0,34.0,14,6,Sales,1
36,116033.0,34.0,48.0,14,6,IT,1
59,116844.0,37.0,48.0,6,6,HR,1
58,59560.0,23.0,29.0,11,9,IT,1
54,73865.0,,51.0,12,1,IT,1
23,66686.0,,42.0,14,6,IT,1
43,95910.0,2.0,,3,8,IT,1
51,24675.0,0.0,28.0,6,8,Sales,1
62,86706.0,18.0,56.0,10,3,HR,1
23,97986.0,,59.0,4,5,Sales,1
54,96216.0,13.0,33.0,3,4,Sales,1
50,599965.0,13.0,23.0,6,1,IT,0
39,74460.0,15.0,39.0,11,9,Sales,1
38,66418.0,32.0,47.0,6,5,HR,1
23,46206.0,,33.0,2,2,IT,0
23,20287.0,37.0,53.0,9,2,Sales,0
21,,,32.0,8,7,IT,1
47,40666.0,37.0,50.0,6,4,HR,0
28,21161.0,38.0,52.0,1,1,IT,0
47,110071.0,32.0,58.0,12,5,Sales,1
48,118064.0,32.0,47.0,2,2,Sales,1
41,58751.0,28.0,44.0,4,7,HR,1
26,102063.0,4.0,51.0,7,9,HR,1
20,109389.0,5.0,28.0,9,1,IT,1
48,34758.0,30.0,47.0,10,2,Sales,0
57,85780.0,15.0,50.0,5,6,HR,1
54,23178.0,30.0,36.0,10,8,HR,1
53,51831.0,,42.0,2,7,Sales,1
41,,32.0,32.0,13,9,HR,1
48,53654.0,12.0,29.0,11,2,HR,0
23,46627.0,,35.0,11,9,Sales,1
19,72550.0,23.0,25.0,11,4,HR,1
37,64910.0,9.0,30.0,1,3,Sales,1
45,110417.0,30.0,22.0,10,7,Sales,1
28,78251.0,12.0,47.0,14,5,IT,1
21,55422.0,2.0,34.0,13,5,Sales,0
32,31984.0,33.0,32.0,14,2,HR,0
23,,27.0,36.0,1,6,IT,1
47,81386.0,18.0,,5,6,IT,1
55,103291.0,22.0,47.0,14,4,HR,1
19,27135.0,,57.0,7,5,IT,0
32,20320.0,12.0,32.0,9,7,HR,1
28,114171.0,32.0,36.0,9,8,IT,1
25,41684.0,33.0,34.0,8,6,HR,0
43,,32.0,,1,5,Sales,1
62,108774.0,4.0,47.0,5,3,Sales,1
61,41889.0,2.0,34.0,6,7,IT,1
22,,6.0,30.0,6,8,IT,1
23,118071.0,23.0,50.0,4,3,Sales,1
43,,21.0,23.0,1,5,HR,1
21,30770.0,22.0,54.0,3,2,IT,0
36,59321.0,29.0,53.0,10,4,Sales,0
37,105962.0,17.0,46.0,4,4,IT,1
50,61777.0,,29.0,4,8,Sales,1
37,66250.0,6.0,49.0,13,3,Sales,1
29,93034.0,32.0,39.0,4,5,Sales,1
64,60130.0,4.0,48.0,14,5,HR,1
18,101931.0,27.0,48.0,5,2,IT,1
43,69346.0,7.0,42.0,13,9,HR,1
31,22537.0,14.0,40.0,11,4,HR,0
55,104762.0,3.0,,9,9,Sales,1
54,35216.0,33.0,31.0,4,9,HR,1
28,104149.0,4.0,49.0,9,2,IT,1
53,23009.0,32.0,52.0,9,9,IT,1
30,109904.0,4.0,37.0,1,9,Sales,1
60,49327.0,37.0,33.0,5,2,Sales,0
20,34209.0,33.0,41.0,9,6,IT,0
50,68443.0,25.0,40.0,4,9,IT,1
23,599965.0,0.0,20.0,5,4,Sales,0
27,87613.0,,34.0,4,2,HR,1
22,99443.0,38.0,55.0,13,7,IT,1
40,76997.0,25.0,41.0,2,9,Sales,1
27,82559.0,,51.0,10,6,Sales,1
61,84892.0,,52.0,2,4,IT,1
19,90409.0,7.0,58.0,2,1,Sales,1
30,28635.0,19.0,42.0,13,4,IT,0
57,53065.0,15.0,21.0,1,3,Sales,0
19,53783.0,20.0,21.0,3,7,Sales,1
37,,25.0,57.0,14,5,HR,0
18,78741.0,22.0,48.0,11,3,Sales,1
54,,17.0,22.0,10,2,IT,1
26,49092.0,30.0,58.0,1,2,IT,0
34,37653.0,11.0,26.0,4,5,HR,0
26,117999.0,0.0,55.0,1,8,IT,1
28,119564.0,8.0,48.0,4,8,Sales,1
32,60469.0,2.0,56.0,3,5,HR,1
41,106483.0,25.0,55.0,9,2,IT,1
55,79754.0,8.0,42.0,1,4,Sales,1
52,49978.0,15.0,35.0,14,7,HR,1
47,107592.0,23.0,50.0,8,6,Sales,1
48,114543.0,13.0,53.0,11,7,IT,1
22,63169.0,2.0,20.0,9,5,IT,1
61,,33.0,37.0,12,2,IT,1
31,74745.0,32.0,59.0,7,8,IT,1
28,25543.0,23.0,34.0,1,2,HR,0
26,76392.0,8.0,36.0,4,8,IT,1
51,41067.0,12.0,,10,7,HR,1
29,71033.0,1.0,39.0,1,3,HR,1
52,65256.0,6.0,25.0,4,4,Sales,1
52,110633.0,20.0,27.0,3,7,IT,1
18,89345.0,18.0,53.0,2,4,Sales,1
57,42191.0,24.0,51.0,1,9,Sales,1
39,106803.0,21.0,23.0,6,7,Sales,1
46,92742.0,10.0,58.0,12,1,Sales,1
25,106593.0,32.0,39.0,7,1,Sales,1
28,48992.0,31.0,43.0,6,4,IT,0
58,101531.0,20.0,43.0,9,9,Sales,1
54,68803.0,38.0,45.0,12,4,HR,1
31,,19.0,44.0,9,5,HR,1
47,33210.0,7.0,55.0,2,1,IT,0
52,103329.0,36.0,26.0,2,2,HR,1
38,599965.0,8.0,29.0,9,4,Sales,0
54,82008.0,24.0,31.0,1,4,HR,1
22,25197.0,24.0,20.0,5,6,Sales,0
36,27452.0,32.0,44.0,1,6,IT,0
31,61486.0,1.0,35.0,7,8,HR,1
43,34859.0,18.0,,9,9,HR,1
21,47236.0,19.0,38.0,6,1,HR,0
42,51899.0,28.0,23.0,14,1,IT,0
62,52083.0,5.0,25.0,2,6,IT,0
59,87708.0,16.0,45.0,6,4,HR,1
42,36663.0,24.0,58.0,9,4,IT,0
35,113076.0,37.0,58.0,3,1,Sales,1
57,39053.0,3.0,28.0,9,9,IT,1
25,31085.0,29.0,33.0,8,3,HR,0
56,50564.0,19.0,28.0,13,5,Sales,0
57,109745.0,2.0,34.0,12,1,HR,1
31,79095.0,22.0,56.0,7,8,HR,1
49,89517.0,17.0,39.0,8,3,HR,1
55,41153.0,25.0,27.0,10,1,IT,0
50,,35.0,51.0,6,6,HR,0
40,30553.0,7.0,40.0,3,1,Sales,0
32,40811.0,16.0,38.0,7,3,Sales,0
50,115381.0,30.0,48.0,4,5,Sales,1
42,26135.0,36.0,50.0,11,4,HR,0
34,25573.0,32.0,25.0,10,7,Sales,1
50,99267.0,26.0,23.0,14,6,Sales,1
64,27189.0,3.0,48.0,5,3,Sales,0
19,100077.0,21.0,22.0,8,8,Sales,1
31,63646.0,25.0,20.0,7,8,IT,1
57,96623.0,31.0,34.0,7,2,HR,1
57,,23.0,40.0,8,7,HR,1
56,88312.0,34.0,50.0,10,1,Sales,1
23,47564.0,36.0,26.0,3,2,HR,0
23,48835.0,31.0,36.0,3,8,Sales,1
20,81587.0,6.0,38.0,2,1,Sales,1
24,27697.0,32.0,58.0,1,2,Sales,0
25,100165.0,30.0,22.0,10,1,HR,1
59,93922.0,11.0,,6,5,IT,1
32,37046.0,10.0,54.0,6,7,HR,1
64,77823.0,23.0,48.0,13,6,HR,1
46,93580.0,7.0,33.0,10,6,IT,1
50,73370.0,31.0,54.0,12,6,HR,1
47,29615.0,37.0,,8,8,IT,1
56,25060.0,21.0,49.0,14,5,Sales,0
44,96436.0,33.0,45.0,6,7,IT,1
53,80519.0,18.0,26.0,6,3,Sales,1
46,91117.0,19.0,58.0,1,9,IT,1
55,81158.0,13.0,50.0,12,3,Sales,1
50,54782.0,32.0,24.0,7,6,HR,0
54,105709.0,9.0,54.0,7,3,IT,1
44,98533.0,15.0,33.0,10,1,HR,1
50,78255.0,3.0,55.0,9,1,Sales,1
21,92684.0,26.0,46.0,14,3,IT,1
39,76918.0,27.0,43.0,12,4,IT,1
19,104284.0,15.0,59.0,7,2,IT,1
27,99558.0,32.0,,8,9,HR,1
22,105549.0,,41.0,4,8,Sales,1
27,101422.0,20.0,27.0,9,3,HR,1
50,45256.0,21.0,34.0,14,7,IT,1
55,50005.0,8.0,24.0,1,4,Sales,0
30,26638.0,8.0,23.0,8,5,Sales,0
48,57419.0,8.0,30.0,3,4,HR,0
64,53377.0,26.0,37.0,14,9,HR,1
53,63116.0,16.0,49.0,1,7,IT,1
62,56634.0,7.0,34.0,2,4,IT,0
41,102291.0,15.0,,6,8,IT,1
32,43382.0,17.0,35.0,5,2,IT,0
46,76063.0,32.0,59.0,14,7,Sales,1
25,42394.0,0.0,28.0,3,1,IT,0
22,87789.0,11.0,53.0,9,8,IT,1
46,20864.0,5.0,46.0,8,6,IT,0
64,119572.0,4.0,32.0,13,5,HR,1
21,60222.0,15.0,55.0,3,9,HR,1
29,33666.0,17.0,46.0,2,9,HR,1
62,40955.0,17.0,,8,3,IT,0
19,101845.0,0.0,,14,9,Sales,1
44,89590.0,18.0,41.0,5,9,IT,1
48,86471.0,7.0,50.0,9,2,HR,1
53,108314.0,2.0,22.0,1,5,HR,1
53,63298.0,24.0,49.0,10,2,IT,1
43,83108.0,4.0,40.0,3,1,Sales,1
60,68924.0,39.0,54.0,5,7,Sales,1
44,36709.0,18.0,25.0,2,4,Sales,0
22,,17.0,47.0,3,5,HR,0
37,80824.0,30.0,51.0,4,4,HR,1
28,60542.0,32.0,56.0,4,6,Sales,1
27,40245.0,17.0,44.0,11,2,IT,0
57,54753.0,38.0,51.0,9,8,Sales,1
55,99788.0,15.0,54.0,1,4,IT,1
23,41316.0,15.0,41.0,12,8,HR,1
25,104698.0,37.0,43.0,9,3,HR,1
40,35960.0,6.0,58.0,9,5,HR,0
64,50791.0,13.0,49.0,11,3,Sales,0
43,45216.0,24.0,51.0,6,7,Sales,1
63,52467.0,31.0,50.0,11,3,HR,0
60,84427.0,37.0,42.0,1,8,HR,1
29,82047.0,21.0,59.0,11,9,HR,1
43,93290.0,15.0,52.0,13,2,Sales,1
30,67014.0,,44.0,12,3,Sales,1
57,24078.0,15.0,55.0,6,7,HR,1
35,98389.0,11.0,43.0,8,5,Sales,1
42,70519.0,16.0,50.0,5,7,Sales,1
50,24042.0,36.0,58.0,5,2,Sales,0
64,,26.0,32.0,1,4,Sales,1
57,34389.0,,29.0,1,1,HR,0
60,115961.0,12.0,42.0,8,5,HR,1
29,88111.0,7.0,37.0,13,8,Sales,1
61,,4.0,51.0,5,1,HR,1
53,70733.0,11.0,52.0,8,7,HR,1
21,54754.0,2.0,55.0,10,7,HR,1
22,38624.0,34.0,47.0,2,7,IT,1
54,105886.0,32.0,35.0,4,1,HR,1
25,46681.0,21.0,35.0,13,3,HR,0
59,109524.0,8.0,37.0,11,2,Sales,1
45,101006.0,17.0,27.0,14,5,Sales,1
48,44704.0,28.0,35.0,10,2,IT,0
26,114913.0,38.0,30.0,9,5,IT,1
46,114108.0,26.0,25.0,13,5,HR,1
31,27493.0,35.0,20.0,3,4,HR,0
57,89639.0,16.0,31.0,6,7,Sales,1
58,,33.0,57.0,11,6,HR,1
39,22994.0,2.0,47.0,7,2,HR,0
28,89280.0,4.0,36.0,3,4,HR,1
40,67234.0,13.0,20.0,1,7,HR,1
18,67291.0,2.0,51.0,2,9,HR,1
63,112868.0,22.0,27.0,11,9,HR,1
54,25594.0,38.0,59.0,14,3,HR,0
38,27371.0,29.0,43.0,10,1,HR,0
43,67315.0,22.0,29.0,7,9,Sales,1
63,103564.0,26.0,58.0,7,8,IT,1
53,,9.0,58.0,12,7,HR,1
40,36626.0,,29.0,1,6,Sales,0
18,106005.0,12.0,55.0,10,7,HR,1
57,27130.0,15.0,44.0,7,9,HR,1
32,26828.0,33.0,29.0,10,6,IT,0
38,77514.0,36.0,38.0,11,3,Sales,1
64,72664.0,21.0,34.0,6,3,HR,1
26,37883.0,16.0,35.0,11,4,IT,0
26,63059.0,22.0,21.0,6,8,IT,1
27,,,48.0,7,9,HR,1
43,62932.0,8.0,,7,8,HR,1
58,81269.0,1.0,48.0,1,2,Sales,1
52,95986.0,31.0,50.0,10,4,Sales,1
42,105959.0,21.0,36.0,5,4,HR,1
43,22035.0,12.0,29.0,14,2,HR,0
28,60745.0,7.0,46.0,14,8,IT,1
55,37241.0,0.0,34.0,8,3,Sales,0
19,72975.0,16.0,50.0,8,2,HR,1
24,,11.0,40.0,3,7,HR,1
35,45625.0,3.0,45.0,3,1,Sales,0
44,64950.0,,57.0,7,6,HR,1
51,118602.0,30.0,55.0,4,3,IT,1
44,76396.0,6.0,,6,3,IT,1
34,119227.0,,22.0,9,5,HR,1
60,33331.0,23.0,33.0,10,3,Sales,0
61,83927.0,4.0,32.0,2,4,IT,1
41,106226.0,,46.0,2,3,Sales,1
42,104719.0,16.0,20.0,6,7,Sales,1
24,83014.0,29.0,36.0,3,3,Sales,1
23,59346.0,8.0,53.0,1,4,IT,0
41,90411.0,5.0,,2,2,IT,1
50,74478.0,24.0,36.0,14,2,HR,1
46,32254.0,18.0,22.0,13,9,Sales,1
60,75734.0,15.0,53.0,7,1,IT,1
39,48621.0,20.0,59.0,4,1,IT,0
43,,1.0,44.0,12,1,HR,1
45,66121.0,9.0,21.0,2,3,IT,1
38,101418.0,15.0,53.0,11,2,IT,1
24,80197.0,36.0,45.0,12,3,IT,1
34,104577.0,14.0,50.0,12,5,HR,1
37,114634.0,12.0,28.0,8,9,HR,1
58,62431.0,12.0,49.0,4,2,Sales,1
37,119245.0,31.0,39.0,4,1,IT,1
39,24837.0,7.0,40.0,2,6,HR,0
45,110025.0,17.0,48.0,14,3,HR,1
57,103163.0,35.0,44.0,1,7,HR,1
24,91232.0,25.0,57.0,1,6,Sales,1
18,68994.0,9.0,44.0,3,7,Sales,1
49,99079.0,30.0,28.0,6,5,Sales,1
30,32615.0,32.0,58.0,7,1,Sales,0
47,21466.0,28.0,45.0,13,3,Sales,0
40,50771.0,4.0,56.0,9,3,IT,0
36,103886.0,12.0,35.0,5,7,IT,1
49,85911.0,0.0,,9,3,HR,1
47,118566.0,22.0,31.0,8,5,Sales,1
46,40746.0,39.0,43.0,1,4,Sales,0
62,108422.0,2.0,45.0,11,4,HR,1
46,80739.0,2.0,39.0,12,7,IT,1
47,118187.0,6.0,28.0,3,1,Sales,1
33,93369.0,35.0,42.0,8,7,Sales,1
57,21893.0,34.0,58.0,9,8,Sales,1
36,50573.0,14.0,,14,3,IT,0
35,116907.0,39.0,50.0,4,3,IT,1
18,60874.0,2.0,38.0,14,4,Sales,1
31,,28.0,39.0,14,6,Sales,1
64,119956.0,29.0,42.0,14,7,HR,1
19,107460.0,38.0,46.0,12,1,HR,1
45,53367.0,17.0,49.0,6,4,IT,0
47,41199.0,10.0,40.0,4,7,HR,1
55,111404.0,37.0,54.0,13,2,Sales,1
21,94328.0,39.0,26.0,9,1,IT,1
18,77724.0,0.0,41.0,2,1,HR,1
25,106133.0,28.0,29.0,6,6,IT,1
46,56405.0,9.0,42.0,11,5,Sales,0
56,118232.0,27.0,34.0,13,1,HR,1
20,35989.0,30.0,49.0,3,3,HR,0
49,48931.0,18.0,53.0,10,7,HR,1
27,29290.0,2.0,32.0,4,9,Sales,1
27,58367.0,35.0,23.0,2,9,IT,1
36,99878.0,14.0,37.0,11,6,HR,1
63,110477.0,32.0,42.0,8,3,IT,1
51,99481.0,25.0,52.0,10,1,IT,1
50,96298.0,15.0,53.0,8,3,IT,1
40,50133.0,35.0,53.0,1,2,Sales,0
45,47052.0,32.0,,10,5,Sales,0
49,105489.0,19.0,54.0,6,8,HR,1
24,60475.0,12.0,36.0,1,5,HR,1
46,102666.0,32.0,47.0,6,1,IT,1
25,116622.0,4.0,33.0,7,3,IT,1
18,77656.0,36.0,53.0,2,5,IT,1
20,24633.0,13.0,30.0,9,7,Sales,1
41,37304.0,26.0,32.0,8,5,Sales,0
40,117820.0,22.0,52.0,9,5,HR,1
25,66546.0,13.0,21.0,10,7,IT,1
64,27008.0,39.0,,13,8,IT,1
54,68291.0,3.0,48.0,4,8,Sales,1
20,47405.0,38.0,56.0,4,7,HR,1
50,56386.0,18.0,23.0,12,3,IT,0
45,110909.0,3.0,31.0,8,2,IT,1
64,40827.0,29.0,45.0,1,1,HR,0
25,,18.0,47.0,8,6,IT,0
51,,30.0,22.0,7,9,Sales,1
52,98543.0,30.0,39.0,12,3,HR,1
49,38157.0,8.0,29.0,7,5,IT,0
41,117693.0,12.0,,9,9,IT,1
31,55315.0,13.0,46.0,13,9,Sales,1
49,55932.0,9.0,50.0,10,7,Sales,1
63,41164.0,30.0,,7,4,Sales,0
60,34414.0,36.0,20.0,2,2,IT,0
33,34327.0,22.0,25.0,1,2,IT,0
21,20946.0,26.0,30.0,1,4,IT,0
54,34693.0,5.0,53.0,7,1,HR,0
38,47241.0,25.0,58.0,5,4,Sales,0
31,115790.0,1.0,39.0,4,6,HR,1
48,35540.0,12.0,40.0,5,6,Sales,0
35,92255.0,,40.0,10,7,IT,1
24,84757.0,0.0,37.0,10,5,HR,1
27,61203.0,39.0,40.0,6,9,HR,1
24,45081.0,31.0,38.0,12,2,Sales,0
50,81861.0,21.0,23.0,10,2,HR,1
40,31350.0,28.0,32.0,6,4,HR,0
38,75512.0,1.0,37.0,1,4,IT,1
36,76809.0,,48.0,2,4,Sales,1
36,117557.0,37.0,44.0,3,1,HR,1
53,62832.0,,32.0,4,4,IT,1
46,48369.0,16.0,46.0,6,5,HR,0
35,51728.0,7.0,38.0,12,9,IT,1
19,37576.0,21.0,20.0,12,3,HR,0
18,49001.0,3.0,57.0,11,3,IT,0
64,103384.0,10.0,38.0,13,5,IT,1
22,,7.0,20.0,9,6,Sales,0
37,107535.0,8.0,59.0,12,3,IT,1
28,65436.0,25.0,,2,1,HR,1
59,31569.0,1.0,40.0,8,8,IT,1
19,33029.0,15.0,41.0,9,1,IT,0
20,42490.0,30.0,34.0,2,2,HR,0
40,65875.0,5.0,58.0,9,3,HR,1
29,25867.0,20.0,58.0,7,6,IT,0
37,,25.0,51.0,9,4,HR,1
22,119515.0,18.0,23.0,6,4,IT,1
54,29121.0,27.0,51.0,2,9,IT,1
55,21539.0,7.0,23.0,8,6,IT,0
47,111024.0,13.0,20.0,10,2,HR,1
26,37027.0,23.0,52.0,9,7,Sales,1
51,94229.0,36.0,26.0,12,3,Sales,1
61,28921.0,25.0,28.0,8,9,IT,1
52,,30.0,20.0,2,6,IT,1
39,30310.0,31.0,35.0,8,8,HR,1
61,83965.0,1.0,37.0,3,1,Sales,1
41,116444.0,24.0,25.0,3,2,Sales,1
34,89922.0,1.0,,9,6,Sales,1
27,117799.0,0.0,28.0,13,3,HR,1
47,113948.0,35.0,23.0,9,1,HR,1
63,102839.0,11.0,42.0,9,6,HR,1
40,32242.0,8.0,27.0,4,5,IT,0
49,28947.0,35.0,58.0,12,9,HR,1
34,91466.0,27.0,44.0,14,6,IT,1
34,81816.0,37.0,35.0,7,5,IT,1
31,68785.0,32.0,54.0,13,1,IT,1
26,20507.0,21.0,,8,1,IT,0
57,86972.0,,37.0,13,1,HR,1
19,47151.0,17.0,,13,7,HR,1
62,31618.0,5.0,,5,6,Sales,0
42,94286.0,17.0,36.0,13,5,Sales,1
56,36122.0,15.0,24.0,1,4,IT,0
26,27354.0,14.0,35.0,9,8,Sales,1
39,50979.0,7.0,34.0,6,8,Sales,1
60,106436.0,12.0,53.0,3,5,Sales,1
63,,6.0,38.0,3,4,IT,1
21,72774.0,16.0,27.0,14,2,Sales,1
43,25037.0,31.0,29.0,14,7,HR,1
46,48633.0,21.0,24.0,10,5,IT,0
62,44495.0,12.0,45.0,1,3,HR,0
51,84550.0,22.0,41.0,13,9,IT,1
40,101384.0,,42.0,8,9,HR,1
54,56483.0,21.0,32.0,2,8,Sales,1
28,93373.0,0.0,28.0,12,1,IT,1
23,54069.0,28.0,39.0,1,3,HR,0
35,27370.0,4.0,47.0,7,2,IT,0
38,91947.0,34.0,56.0,14,4,HR,1
59,59133.0,9.0,43.0,11,2,Sales,0
53,116035.0,18.0,52.0,9,8,IT,1
58,115761.0,36.0,39.0,6,1,IT,1
55,20692.0,6.0,49.0,8,4,HR,0
51,48926.0,34.0,28.0,8,5,HR,0
34,119782.0,12.0,,9,4,Sales,1
54,,9.0,55.0,7,8,HR,1
42,63390.0,1.0,33.0,9,2,HR,1
55,69593.0,5.0,,9,9,HR,1
29,95609.0,7.0,26.0,12,2,Sales,1
40,25209.0,35.0,22.0,11,2,Sales,0
59,26533.0,24.0,52.0,1,2,IT,0
39,106597.0,39.0,51.0,6,8,Sales,1
38,27211.0,6.0,30.0,12,3,HR,0
44,29927.0,22.0,21.0,8,8,IT,1
48,97463.0,18.0,45.0,10,7,Sales,1
23,44594.0,21.0,23.0,9,4,Sales,0
44,94852.0,12.0,36.0,4,7,HR,1
57,,20.0,36.0,13,8,HR,1
51,96382.0,0.0,47.0,2,6,Sales,1
29,27933.0,,49.0,11,6,IT,0
62,60696.0,32.0,59.0,9,3,HR,1
24,85449.0,3.0,42.0,9,5,Sales,1
27,87616.0,2.0,43.0,12,2,Sales,1
62,26089.0,26.0,48.0,8,5,HR,0
34,76548.0,34.0,23.0,3,5,IT,1
43,46123.0,27.0,57.0,5,7,IT,1
38,,5.0,48.0,2,4,IT,0
45,70013.0,,38.0,14,6,HR,1
63,28346.0,22.0,46.0,3,9,HR,1
19,105414.0,32.0,48.0,1,4,HR,1
60,,15.0,55.0,4,6,IT,0
18,37653.0,23.0,,5,9,IT,1
53,,4.0,25.0,12,1,HR,1
43,46140.0,12.0,42.0,2,8,HR,1
46,21184.0,11.0,58.0,3,1,HR,0
38,54493.0,4.0,27.0,12,4,IT,0
28,64148.0,36.0,21.0,6,3,Sales,1
57,44846.0,30.0,32.0,6,4,Sales,0
28,42195.0,27.0,59.0,7,7,IT,1
53,25606.0,27.0,40.0,12,9,HR,1
56,23956.0,29.0,50.0,9,9,HR,1
57,36555.0,17.0,,4,1,HR,0
52,110385.0,26.0,57.0,5,1,HR,1
51,38690.0,34.0,,11,9,IT,1
64,78502.0,25.0,55.0,2,4,Sales,1
41,68849.0,38.0,42.0,6,3,Sales,1
39,46347.0,,40.0,4,9,IT,1
22,118725.0,32.0,32.0,5,5,HR,1
50,111321.0,24.0,56.0,7,6,Sales,1
53,69056.0,30.0,45.0,6,1,IT,1
64,83851.0,36.0,59.0,8,1,HR,1
37,118234.0,1.0,26.0,6,7,Sales,1
36,101502.0,32.0,,10,8,IT,1
52,116633.0,38.0,41.0,14,8,Sales,1
60,101418.0,31.0,58.0,8,7,Sales,1
34,90211.0,17.0,42.0,13,9,IT,1
62,61850.0,16.0,49.0,14,1,IT,1
60,98545.0,33.0,37.0,14,2,Sales,1
51,47843.0,38.0,37.0,4,3,Sales,0
26,82320.0,6.0,,12,5,IT,1
43,,34.0,58.0,7,4,HR,0
19,59516.0,29.0,49.0,3,4,HR,0
26,37857.0,11.0,45.0,1,8,HR,1
26,39627.0,34.0,26.0,13,8,HR,1
57,81822.0,10.0,,9,7,IT,1
34,104101.0,3.0,24.0,9,1,HR,1
18,111561.0,24.0,20.0,6,4,Sales,1
42,72248.0,31.0,37.0,2,1,HR,1
60,75798.0,19.0,32.0,8,5,IT,1
57,599965.0,30.0,44.0,10,3,HR,1
59,64116.0,3.0,59.0,6,3,HR,1
42,95318.0,37.0,27.0,7,4,IT,1
56,107902.0,0.0,29.0,13,2,HR,1
52,48557.0,2.0,51.0,1,7,IT,1
20,,36.0,36.0,3,4,HR,1
54,95163.0,21.0,57.0,1,5,IT,1
61,98002.0,16.0,34.0,10,2,HR,1
61,62614.0,13.0,34.0,1,6,Sales,1
47,32720.0,34.0,59.0,12,9,Sales,1
55,77608.0,12.0,39.0,12,8,IT,1
51,92095.0,34.0,34.0,11,8,IT,1
29,104694.0,1.0,54.0,13,2,IT,1
36,116452.0,,25.0,1,4,Sales,1
54,107593.0,15.0,49.0,4,8,IT,1
61,55892.0,17.0,27.0,13,1,HR,0
34,97242.0,6.0,50.0,7,8,IT,1
27,97606.0,35.0,51.0,7,3,IT,1
64,20924.0,29.0,34.0,12,8,HR,1
29,,6.0,37.0,13,6,HR,1
33,46478.0,,32.0,5,7,Sales,1
41,91042.0,39.0,43.0,12,2,HR,1
36,66418.0,18.0,,6,1,HR,1
25,82217.0,36.0,,2,6,IT,1
48,110140.0,1.0,47.0,5,3,Sales,1
38,100846.0,12.0,30.0,7,4,HR,1
34,93762.0,39.0,25.0,14,9,Sales,1
40,31781.0,30.0,44.0,9,3,HR,0
54,25515.0,,,6,2,Sales,0
33,56133.0,5.0,44.0,12,2,HR,0
23,102508.0,27.0,21.0,14,2,IT,1
25,117628.0,31.0,51.0,10,6,Sales,1
42,96946.0,9.0,32.0,4,2,Sales,1
35,105058.0,17.0,52.0,3,7,HR,1
42,29095.0,3.0,51.0,9,7,Sales,1
29,108583.0,8.0,43.0,7,7,HR,1
32,40470.0,6.0,46.0,11,2,Sales,0
43,63129.0,7.0,23.0,14,7,Sales,1
58,28531.0,6.0,43.0,13,8,IT,1
62,57038.0,39.0,42.0,6,8,IT,1
43,107939.0,2.0,48.0,7,2,Sales,1
64,62674.0,16.0,53.0,8,5,IT,1
49,114658.0,1.0,40.0,5,6,Sales,1
27,102476.0,14.0,49.0,3,9,HR,1
33,,28.0,45.0,3,6,Sales,0
24,77174.0,21.0,39.0,13,6,Sales,1
34,31279.0,3.0,35.0,2,6,IT,0
40,58220.0,5.0,22.0,8,9,IT,1
43,80610.0,37.0,56.0,1,7,HR,1
38,72719.0,25.0,59.0,12,1,HR,1
39,73051.0,10.0,44.0,8,1,HR,1
24,92013.0,25.0,42.0,3,4,Sales,1
31,,16.0,20.0,9,2,HR,1
32,85524.0,23.0,52.0,12,3,HR,1
24,102936.0,27.0,34.0,14,7,IT,1
26,26470.0,34.0,,12,7,IT,1
25,87598.0,30.0,53.0,11,3,HR,1
40,61798.0,12.0,,2,2,HR,1
46,73473.0,34.0,23.0,10,1,Sales,1
35,39880.0,15.0,32.0,9,9,Sales,1
48,64439.0,14.0,,6,3,IT,1
47,34308.0,,26.0,1,9,HR,1
56,111563.0,36.0,28.0,5,4,HR,1
52,116256.0,26.0,42.0,10,6,HR,1
35,55081.0,34.0,52.0,9,7,HR,1
59,95242.0,34.0,52.0,13,6,HR,1
56,70383.0,27.0,39.0,6,1,Sales,1
34,,38.0,23.0,7,6,Sales,0
31,,37.0,20.0,4,6,HR,1
48,56824.0,8.0,53.0,1,5,Sales,0
41,53073.0,11.0,46.0,5,3,Sales,0
52,117624.0,14.0,40.0,2,3,HR,1
61,113648.0,20.0,43.0,8,7,Sales,1
62,46299.0,34.0,34.0,4,8,HR,1
51,119993.0,32.0,54.0,1,3,Sales,1
20,78861.0,18.0,44.0,10,3,HR,1
54,50063.0,22.0,28.0,7,7,HR,1
60,89453.0,,36.0,12,7,Sales,1
57,88472.0,0.0,40.0,11,9,Sales,1
43,34506.0,28.0,32.0,2,6,IT,0
40,114341.0,23.0,,3,7,HR,1
61,99854.0,15.0,23.0,14,1,HR,1
56,46026.0,24.0,23.0,9,7,HR,1
32,,22.0,47.0,13,2,HR,0
21,58417.0,27.0,26.0,9,7,Sales,1
46,72413.0,15.0,45.0,2,3,Sales,1
39,85066.0,37.0,30.0,3,9,IT,1
42,79213.0,10.0,43.0,11,5,HR,1
30,70971.0,2.0,29.0,12,7,IT,1
35,47281.0,14.0,56.0,9,8,IT,1
50,48091.0,0.0,32.0,1,2,IT,0
33,70494.0,6.0,58.0,2,1,IT,1
62,38610.0,0.0,38.0,11,7,IT,1
59,21079.0,31.0,38.0,2,6,Sales,0
61,115386.0,8.0,31.0,10,6,Sales,1
19,66751.0,28.0,,14,2,IT,1
52,106126.0,25.0,56.0,3,3,Sales,1
59,75432.0,22.0,49.0,10,4,Sales,1
51,50951.0,28.0,31.0,3,3,IT,0
47,100863.0,37.0,48.0,10,2,Sales,1
30,98291.0,32.0,40.0,13,3,Sales,1
30,79872.0,6.0,30.0,2,6,HR,1
35,27235.0,11.0,56.0,8,9,IT,1
49,102733.0,30.0,37.0,8,4,HR,1
49,82712.0,31.0,46.0,8,6,HR,1
52,41473.0,19.0,56.0,2,1,IT,0
56,87567.0,16.0,31.0,13,6,HR,1
63,99823.0,35.0,42.0,9,3,HR,1
46,52230.0,,53.0,11,9,Sales,1
46,104573.0,0.0,57.0,7,4,HR,1
61,112588.0,26.0,42.0,12,7,IT,1
33,88876.0,39.0,44.0,5,4,Sales,1
61,60644.0,32.0,,7,6,Sales,1
64,68664.0,19.0,49.0,8,7,Sales,1
27,65203.0,13.0,,9,2,IT,1
47,86677.0,35.0,32.0,2,6,IT,1
42,45425.0,4.0,33.0,6,8,IT,1
56,104817.0,22.0,27.0,9,6,HR,1
37,105961.0,14.0,43.0,13,2,HR,1
22,117649.0,5.0,37.0,6,4,Sales,1
18,89806.0,32.0,54.0,2,1,Sales,1
47,62814.0,18.0,44.0,1,7,IT,1
20,90219.0,12.0,36.0,12,8,IT,1
62,69646.0,28.0,51.0,3,2,HR,1
31,59884.0,5.0,43.0,11,5,HR,0
47,115345.0,14.0,26.0,5,8,IT,1
21,89322.0,15.0,32.0,7,8,IT,1
35,41650.0,23.0,46.0,10,5,HR,0
54,114242.0,22.0,24.0,10,8,Sales,1
42,29190.0,9.0,55.0,3,6,Sales,0
18,58196.0,16.0,45.0,9,5,HR,0
63,59449.0,29.0,50.0,10,4,HR,0
32,59661.0,9.0,29.0,12,5,Sales,0
26,49709.0,18.0,45.0,4,4,HR,0
32,100428.0,28.0,41.0,10,1,Sales,1
41,95179.0,1.0,31.0,2,3,Sales,1
21,29943.0,35.0,51.0,3,8,HR,1
29,63240.0,18.0,46.0,5,7,IT,1
54,65760.0,6.0,52.0,3,7,IT,1
54,41042.0,25.0,39.0,5,3,IT,0
60,63894.0,,58.0,4,9,IT,1
23,26869.0,37.0,59.0,13,6,IT,0
56,81078.0,2.0,32.0,11,8,IT,1
63,76759.0,37.0,33.0,10,8,IT,1
41,64306.0,15.0,59.0,13,3,HR,1
28,75371.0,1.0,41.0,3,4,HR,1
30,40918.0,30.0,37.0,12,6,IT,0
51,48379.0,,48.0,6,2,HR,0
42,110810.0,6.0,35.0,8,7,Sales,1
24,103232.0,29.0,54.0,13,2,IT,1
21,22962.0,6.0,53.0,12,5,Sales,0
25,33851.0,35.0,,4,4,HR,0
37,65747.0,28.0,,9,9,IT,1
46,72349.0,23.0,24.0,6,2,Sales,1
62,90832.0,38.0,29.0,5,7,HR,1
63,76356.0,3.0,48.0,3,7,IT,1
27,34745.0,28.0,51.0,5,7,IT,1
60,25730.0,4.0,50.0,5,1,Sales,0
51,33921.0,28.0,21.0,14,8,Sales,1
43,118430.0,29.0,31.0,12,2,Sales,1
58,91138.0,28.0,46.0,12,5,HR,1
20,103111.0,25.0,24.0,4,2,Sales,1
23,39023.0,18.0,56.0,12,5,Sales,0
22,65349.0,25.0,46.0,6,7,Sales,1
22,101533.0,36.0,42.0,3,6,IT,1
64,103286.0,26.0,52.0,10,5,Sales,1
40,61979.0,29.0,23.0,1,4,Sales,1
26,42837.0,29.0,40.0,7,8,HR,1
52,34997.0,2.0,43.0,7,8,HR,1
37,108603.0,6.0,50.0,12,1,Sales,1
59,65039.0,8.0,43.0,4,2,HR,1
52,40923.0,,,9,3,HR,0
35,28876.0,14.0,21.0,12,1,HR,0
34,80973.0,4.0,50.0,2,3,IT,1
41,22887.0,28.0,44.0,13,8,Sales,1
20,83723.0,,23.0,1,4,Sales,1
49,62422.0,26.0,30.0,3,7,Sales,1
52,71413.0,26.0,36.0,7,7,HR,1
55,22841.0,7.0,21.0,9,5,HR,0
30,48756.0,31.0,25.0,2,1,HR,0
64,91576.0,19.0,28.0,6,4,IT,1
42,30304.0,9.0,24.0,3,7,HR,1
26,50341.0,12.0,39.0,5,5,IT,0
21,24758.0,28.0,48.0,12,2,Sales,0
31,37010.0,34.0,40.0,9,8,HR,1
54,80758.0,7.0,28.0,3,2,IT,1
51,51658.0,28.0,47.0,1,8,IT,1
28,69002.0,30.0,27.0,5,2,HR,1
58,21375.0,29.0,50.0,1,5,IT,0
20,119485.0,21.0,39.0,8,4,HR,1
45,42092.0,20.0,46.0,7,1,IT,0
46,,11.0,27.0,11,8,Sales,1
26,23729.0,10.0,40.0,2,3,Sales,0
20,25974.0,1.0,47.0,14,4,Sales,0
42,105216.0,1.0,42.0,11,4,HR,1
51,103860.0,33.0,25.0,9,5,Sales,1
29,116870.0,2.0,22.0,5,3,Sales,1
59,41398.0,15.0,24.0,7,9,Sales,1
26,54650.0,3.0,28.0,4,4,HR,0
32,41292.0,,26.0,12,4,IT,0
57,23159.0,19.0,23.0,13,6,HR,0
42,118162.0,24.0,58.0,1,8,HR,1
22,82766.0,29.0,24.0,14,7,Sales,1
28,114887.0,17.0,30.0,8,4,IT,1
51,37065.0,10.0,34.0,13,4,Sales,0
41,41638.0,,53.0,1,5,Sales,0
32,21073.0,16.0,32.0,3,5,HR,0
55,66511.0,25.0,26.0,6,1,HR,1
25,104307.0,22.0,59.0,8,8,HR,1
22,49320.0,19.0,25.0,8,5,Sales,0
43,,1.0,58.0,2,3,IT,1
35,54924.0,23.0,49.0,9,3,IT,0
23,101720.0,,41.0,4,4,Sales,1
54,60734.0,26.0,44.0,4,7,IT,1
30,88116.0,1.0,47.0,14,5,Sales,1
45,60025.0,13.0,39.0,2,1,IT,1
22,114503.0,3.0,58.0,1,5,Sales,1
30,22159.0,12.0,22.0,10,5,IT,0
34,68940.0,35.0,24.0,7,6,HR,1
57,99436.0,34.0,20.0,11,7,HR,1
62,96976.0,7.0,34.0,10,5,HR,1
49,34678.0,1.0,45.0,3,2,HR,0
46,81075.0,5.0,22.0,4,2,Sales,1
20,67204.0,30.0,59.0,11,4,IT,1
57,32021.0,9.0,53.0,9,1,Sales,0
51,26772.0,20.0,24.0,6,7,HR,1
57,87163.0,9.0,50.0,14,1,IT,1
44,93755.0,22.0,32.0,1,3,Sales,1
30,43464.0,2.0,20.0,9,7,HR,1
62,71137.0,31.0,41.0,9,6,IT,1
50,50232.0,19.0,34.0,5,7,IT,1
23,,9.0,45.0,8,5,HR,1
41,,28.0,37.0,7,8,HR,1
36,71448.0,,28.0,11,6,IT,1
33,104517.0,36.0,20.0,8,4,HR,1
57,20901.0,19.0,,9,1,Sales,0
45,107980.0,7.0,42.0,14,2,HR,1
50,,6.0,21.0,2,6,HR,1
58,22881.0,5.0,33.0,10,4,HR,0
30,49863.0,10.0,57.0,5,3,IT,0
60,25622.0,17.0,59.0,8,7,IT,1
62,21378.0,28.0,37.0,3,7,HR,1
42,103168.0,24.0,35.0,11,2,IT,1
59,113847.0,20.0,48.0,11,8,HR,1
53,91186.0,2.0,30.0,6,1,Sales,1
44,65201.0,17.0,25.0,6,7,IT,1
55,79251.0,23.0,22.0,7,1,HR,1
24,92572.0,37.0,33.0,13,3,IT,1
22,59255.0,9.0,21.0,11,3,Sales,0
60,83212.0,26.0,51.0,3,2,Sales,1
62,70210.0,,50.0,8,5,HR,1
48,42499.0,6.0,30.0,8,4,IT,0
40,71628.0,16.0,41.0,9,6,Sales,1
59,81360.0,0.0,22.0,8,2,IT,1
27,24603.0,25.0,50.0,3,4,HR,0
49,,14.0,52.0,6,7,Sales,1
60,105473.0,32.0,43.0,9,1,Sales,1
47,32632.0,36.0,20.0,1,3,IT,0
56,50607.0,30.0,34.0,3,1,Sales,0
48,111873.0,34.0,56.0,2,2,HR,1
35,85756.0,0.0,46.0,12,9,HR,1
53,66994.0,,57.0,8,5,Sales,1
19,83382.0,11.0,,6,4,HR,1
31,90354.0,18.0,31.0,10,4,Sales,1
30,76344.0,24.0,22.0,11,8,Sales,1
46,73775.0,31.0,49.0,11,3,Sales,1
29,27349.0,11.0,51.0,8,4,Sales,0
56,91154.0,12.0,42.0,2,2,IT,1
19,47464.0,27.0,21.0,11,6,Sales,0
49,62624.0,0.0,26.0,6,9,HR,1
30,57344.0,5.0,53.0,7,4,IT,0
63,103791.0,7.0,51.0,8,6,HR,1
44,44299.0,3.0,58.0,9,4,Sales,0
58,67975.0,4.0,51.0,5,2,HR,1
34,21462.0,24.0,33.0,11,6,IT,0
57,101441.0,21.0,22.0,3,7,HR,1
48,110456.0,27.0,,2,4,IT,1
51,101788.0,38.0,55.0,8,7,Sales,1
41,60581.0,22.0,36.0,1,8,Sales,1
62,91289.0,3.0,22.0,10,3,HR,1
52,34175.0,3.0,29.0,6,2,HR,0
23,26191.0,20.0,59.0,2,5,Sales,0
36,103434.0,36.0,37.0,3,2,Sales,1
47,104518.0,1.0,22.0,8,5,HR,1
24,100158.0,6.0,58.0,1,6,Sales,1
27,86537.0,15.0,29.0,6,8,IT,1
58,67645.0,16.0,28.0,3,6,IT,1
49,43283.0,19.0,30.0,6,4,HR,0
51,106971.0,22.0,52.0,3,3,HR,1
45,112759.0,33.0,55.0,11,2,Sales,1
32,79123.0,,45.0,11,1,Sales,1
47,50024.0,33.0,46.0,8,2,IT,0
54,69630.0,32.0,57.0,5,2,HR,1
46,50734.0,25.0,41.0,4,5,HR,0
39,20515.0,1.0,45.0,9,9,HR,1
21,86727.0,22.0,41.0,5,1,HR,1
37,117800.0,21.0,24.0,12,4,IT,1
49,66216.0,33.0,54.0,14,7,IT,1
53,91833.0,14.0,21.0,4,3,HR,1
21,78755.0,9.0,54.0,8,8,IT,1
44,47856.0,14.0,28.0,8,3,HR,0
34,93870.0,28.0,37.0,8,8,IT,1
29,44162.0,22.0,31.0,4,2,Sales,0
39,26008.0,16.0,22.0,13,5,IT,0
34,27987.0,8.0,37.0,1,4,HR,0
27,82532.0,35.0,57.0,2,9,Sales,1
18,116502.0,8.0,26.0,4,3,HR,1
39,23332.0,15.0,52.0,10,5,Sales,0
43,86323.0,35.0,25.0,2,9,Sales,1
35,58990.0,32.0,37.0,11,6,IT,0
31,29873.0,30.0,41.0,10,2,IT,0
64,102542.0,5.0,58.0,14,1,Sales,1
46,105761.0,9.0,28.0,14,1,Sales,1
29,56444.0,15.0,54.0,3,7,Sales,1
53,55340.0,3.0,42.0,9,2,HR,0
52,,21.0,31.0,9,7,IT,1
29,599965.0,12.0,43.0,14,1,HR,1
24,35689.0,15.0,59.0,11,4,IT,0
46,107134.0,28.0,28.0,9,4,HR,1
28,115239.0,5.0,32.0,7,5,IT,1
50,,25.0,59.0,4,1,Sales,0
23,65246.0,10.0,36.0,1,7,Sales,1
64,27533.0,23.0,26.0,3,2,IT,0
32,100639.0,,36.0,14,2,Sales,1
49,90152.0,2.0,43.0,8,8,Sales,1
28,79658.0,9.0,,4,9,HR,1
40,58498.0,0.0,54.0,10,6,IT,0
43,31772.0,25.0,47.0,10,1,Sales,0
51,109385.0,11.0,38.0,2,1,IT,1
63,69036.0,13.0,52.0,14,7,HR,1
51,78531.0,24.0,40.0,8,8,IT,1
46,32940.0,7.0,29.0,7,3,HR,0
21,36932.0,3.0,28.0,11,9,HR,1
34,115305.0,,57.0,10,4,HR,1
52,76827.0,6.0,25.0,9,4,Sales,1
30,81431.0,9.0,54.0,2,3,HR,1
58,44648.0,,37.0,5,8,IT,1
56,52966.0,1.0,38.0,6,9,IT,1
32,47777.0,,24.0,13,1,Sales,0
46,52567.0,13.0,44.0,2,2,Sales,0
46,37174.0,15.0,30.0,2,1,HR,0
28,62598.0,16.0,29.0,13,4,HR,1
49,79199.0,21.0,36.0,14,7,HR,1
19,33798.0,3.0,55.0,14,7,Sales,1
64,85364.0,18.0,45.0,10,6,Sales,1
31,37558.0,1.0,50.0,14,5,IT,0
37,81084.0,38.0,51.0,4,4,HR,1
39,64237.0,8.0,40.0,8,8,HR,1
28,85497.0,18.0,37.0,14,7,IT,1
44,20178.0,15.0,37.0,13,1,IT,0
20,106006.0,24.0,20.0,11,6,IT,1
34,37118.0,17.0,33.0,5,2,IT,0
61,42616.0,22.0,27.0,9,4,HR,0
45,20798.0,20.0,21.0,4,5,Sales,0
46,27601.0,10.0,34.0,3,8,HR,1
38,45363.0,38.0,53.0,10,6,IT,0
64,22795.0,3.0,55.0,8,2,Sales,0
33,117462.0,24.0,20.0,1,5,HR,1
54,65264.0,31.0,40.0,9,5,IT,1
37,92833.0,29.0,20.0,4,6,Sales,1
23,23084.0,25.0,51.0,11,1,Sales,0
36,115865.0,35.0,39.0,9,8,Sales,1
22,96646.0,33.0,55.0,8,3,HR,1
20,20731.0,8.0,58.0,3,5,IT,0
18,21129.0,11.0,49.0,3,7,HR,1
55,48022.0,1.0,,14,3,HR,0
32,21605.0,37.0,41.0,9,6,HR,0
51,97506.0,4.0,29.0,3,5,Sales,1
52,64130.0,,27.0,4,7,IT,1
42,,21.0,46.0,9,3,HR,0
41,52330.0,4.0,29.0,12,2,IT,0
29,88469.0,3.0,33.0,4,4,Sales,1
35,35187.0,,30.0,11,3,HR,0
32,,28.0,25.0,3,4,IT,0
61,110436.0,21.0,40.0,14,7,Sales,1
33,90610.0,26.0,52.0,7,5,HR,1
44,,9.0,38.0,6,4,HR,1
25,59867.0,15.0,58.0,1,6,IT,0
63,20893.0,9.0,43.0,14,7,IT,1
42,119694.0,5.0,37.0,10,5,HR,1
34,39773.0,4.0,54.0,8,7,HR,1
46,,5.0,56.0,1,3,Sales,0
25,40863.0,24.0,38.0,4,7,Sales,1
32,71415.0,3.0,43.0,6,3,HR,1
44,88968.0,39.0,53.0,6,6,IT,1
63,80430.0,31.0,41.0,7,8,IT,1
24,21515.0,34.0,23.0,14,6,HR,0
20,,9.0,29.0,11,3,Sales,1
46,34605.0,33.0,21.0,12,5,HR,0
61,,35.0,27.0,14,9,IT,1
41,25586.0,5.0,52.0,5,8,HR,1
20,51186.0,15.0,57.0,5,6,HR,0
37,46928.0,18.0,47.0,4,9,Sales,1
63,118264.0,33.0,,6,2,IT,1
32,103087.0,24.0,20.0,7,9,IT,1
42,107029.0,30.0,53.0,10,6,HR,1
47,40711.0,16.0,,10,9,IT,1
31,74962.0,29.0,28.0,1,4,IT,1
24,40039.0,38.0,24.0,9,5,IT,0
34,,30.0,29.0,14,2,IT,0
61,95483.0,18.0,31.0,8,3,Sales,1
37,117871.0,34.0,37.0,7,1,Sales,1
53,101395.0,,40.0,9,4,Sales,1
26,108658.0,0.0,40.0,3,2,Sales,1
55,21577.0,3.0,20.0,10,2,Sales,0
39,48350.0,27.0,22.0,4,1,IT,0
19,53798.0,17.0,24.0,7,2,HR,0
41,117434.0,25.0,44.0,6,4,HR,1
25,101417.0,39.0,27.0,14,6,Sales,1
28,30785.0,18.0,36.0,13,7,IT,1
30,92227.0,5.0,28.0,2,7,Sales,1
34,81957.0,0.0,51.0,2,7,HR,1
25,85431.0,7.0,25.0,10,4,IT,1
38,37297.0,32.0,59.0,7,5,IT,0
35,91894.0,20.0,40.0,9,3,IT,1
47,83772.0,23.0,26.0,11,1,HR,1
35,,24.0,26.0,12,8,HR,1
63,,18.0,58.0,9,7,Sales,1
64,21462.0,28.0,46.0,7,9,Sales,1
48,84173.0,9.0,27.0,11,4,HR,1
55,35511.0,11.0,28.0,8,5,Sales,0
49,96106.0,32.0,47.0,10,5,HR,1
28,68665.0,6.0,34.0,3,7,IT,1
62,64414.0,16.0,21.0,1,9,Sales,1
42,101010.0,,26.0,7,8,HR,1
50,92573.0,30.0,37.0,8,7,HR,1
55,113665.0,5.0,,2,1,HR,1
58,33386.0,16.0,29.0,9,6,Sales,0
25,,36.0,52.0,4,9,Sales,1
28,26221.0,17.0,,10,7,IT,1
39,43474.0,25.0,22.0,11,1,Sales,0
41,,15.0,33.0,9,9,Sales,1
58,111319.0,7.0,55.0,13,3,Sales,1
34,,23.0,32.0,3,9,IT,1
29,42706.0,,35.0,8,4,IT,0
63,62771.0,28.0,35.0,11,9,IT,1
49,72335.0,31.0,24.0,2,8,Sales,1
32,118015.0,23.0,44.0,14,7,HR,1
33,72949.0,15.0,57.0,3,4,Sales,1
39,90714.0,10.0,57.0,1,9,IT,1
45,115558.0,31.0,57.0,5,4,Sales,1
37,35240.0,5.0,,4,1,Sales,0
50,111756.0,34.0,45.0,13,6,HR,1
27,22716.0,32.0,32.0,1,4,HR,0
57,36574.0,17.0,45.0,10,3,Sales,0
49,103255.0,36.0,20.0,9,5,IT,1
50,93717.0,12.0,27.0,6,3,Sales,1
19,64066.0,9.0,23.0,6,9,Sales,1
50,81826.0,,,14,6,Sales,1
50,599965.0,25.0,41.0,11,3,IT,0
58,91916.0,16.0,56.0,2,5,IT,1
30,86151.0,0.0,22.0,14,8,IT,1
47,70906.0,24.0,38.0,7,8,IT,1
50,,33.0,20.0,12,6,IT,0
30,51973.0,38.0,48.0,12,5,Sales,0
43,94694.0,9.0,42.0,9,5,IT,1
39,40651.0,19.0,52.0,6,1,Sales,0
56,88694.0,6.0,42.0,11,2,Sales,1
19,40008.0,15.0,24.0,8,4,Sales,0
55,90474.0,36.0,26.0,12,6,HR,1
56,58185.0,28.0,25.0,5,7,IT,1
43,107924.0,11.0,41.0,2,1,IT,1
63,94417.0,16.0,32.0,13,8,Sales,1
32,91139.0,19.0,,4,1,HR,1
51,54980.0,25.0,23.0,12,9,IT,1
59,42504.0,18.0,27.0,1,4,Sales,0
61,74970.0,11.0,56.0,1,7,HR,1
57,36766.0,20.0,50.0,6,6,Sales,0
28,113922.0,33.0,56.0,2,9,HR,1
20,599965.0,6.0,45.0,6,2,Sales,0
23,37796.0,34.0,27.0,1,7,IT,1
26,62543.0,14.0,59.0,11,5,Sales,1
23,34559.0,0.0,52.0,10,7,Sales,1
26,53139.0,25.0,48.0,3,1,HR,0
56,28802.0,34.0,24.0,14,9,HR,1
48,93843.0,24.0,47.0,9,1,IT,1
49,60205.0,14.0,59.0,2,5,Sales,1
58,118750.0,21.0,36.0,8,8,HR,1
29,54159.0,5.0,42.0,6,1,IT,0
25,31516.0,14.0,28.0,12,7,IT,1
25,70492.0,,21.0,6,2,HR,1
45,49086.0,20.0,,7,7,HR,1
37,50480.0,6.0,50.0,5,7,Sales,1
64,72091.0,,26.0,12,9,IT,1
24,67766.0,31.0,49.0,11,6,HR,1
28,58737.0,31.0,22.0,4,4,IT,0
37,29265.0,4.0,28.0,6,7,Sales,1
33,90990.0,3.0,29.0,8,7,HR,1
21,111717.0,21.0,45.0,4,4,IT,1
23,35386.0,17.0,20.0,5,2,HR,0
39,57425.0,34.0,49.0,7,9,Sales,1
43,63254.0,16.0,57.0,6,8,Sales,1
20,109863.0,23.0,34.0,13,5,Sales,1
58,73634.0,,44.0,4,5,Sales,1
59,,12.0,25.0,13,1,HR,1
31,67662.0,14.0,37.0,4,9,HR,1
28,106988.0,4.0,20.0,10,8,IT,1
35,119287.0,2.0,22.0,4,5,IT,1
29,107527.0,36.0,36.0,1,6,HR,1
40,95452.0,36.0,27.0,5,8,HR,1
29,30143.0,36.0,59.0,8,6,IT,0
30,111391.0,,36.0,7,4,HR,1
42,35581.0,34.0,44.0,5,3,Sales,0
62,87443.0,22.0,31.0,3,7,Sales,1
36,49424.0,27.0,48.0,11,2,Sales,0
63,108844.0,29.0,44.0,1,7,IT,1
53,61984.0,17.0,55.0,13,1,HR,1
62,61505.0,35.0,44.0,7,5,IT,1
25,82699.0,32.0,48.0,13,9,IT,1
46,46957.0,25.0,30.0,11,1,HR,0
49,45464.0,39.0,23.0,3,8,IT,1
61,43649.0,16.0,33.0,4,9,Sales,1
35,62065.0,39.0,57.0,14,9,HR,1
23,112661.0,6.0,36.0,5,8,Sales,1
35,54758.0,7.0,21.0,13,4,Sales,0
36,25596.0,30.0,27.0,12,7,HR,1
39,36374.0,11.0,55.0,8,1,Sales,0
54,23775.0,30.0,29.0,13,7,Sales,1
49,47388.0,18.0,26.0,7,6,Sales,0
58,41029.0,9.0,55.0,9,5,HR,0
20,103981.0,38.0,35.0,11,1,HR,1
45,73639.0,,33.0,3,8,HR,1
27,34645.0,,,14,1,IT,0
52,51105.0,36.0,44.0,11,1,Sales,0
46,33668.0,6.0,,10,3,IT,0
32,35960.0,13.0,48.0,1,8,IT,1
50,31357.0,,25.0,1,8,Sales,1
24,84604.0,6.0,20.0,12,7,HR,1
29,71796.0,28.0,58.0,10,5,IT,1
47,35804.0,9.0,20.0,13,8,HR,1
38,34626.0,28.0,,14,2,HR,0
48,48132.0,,22.0,1,8,Sales,1
41,27951.0,35.0,20.0,2,2,IT,0
37,26449.0,9.0,20.0,2,5,IT,0
54,39065.0,,58.0,7,4,HR,0
21,29130.0,30.0,,9,1,Sales,0
45,,16.0,49.0,8,5,IT,1
61,82287.0,8.0,51.0,4,7,HR,1
37,71702.0,32.0,52.0,2,1,HR,1
41,56993.0,33.0,41.0,3,2,HR,0
49,51875.0,23.0,49.0,10,9,Sales,1
58,26054.0,8.0,23.0,5,5,Sales,0
53,119809.0,6.0,42.0,9,7,HR,1
51,68517.0,15.0,44.0,8,2,HR,1
53,96368.0,18.0,31.0,13,7,Sales,1
19,49670.0,38.0,36.0,12,7,HR,1
32,69112.0,5.0,34.0,14,7,HR,1
51,108388.0,10.0,29.0,3,5,Sales,1
53,109156.0,11.0,54.0,9,9,HR,1
23,48307.0,12.0,48.0,10,2,HR,0
56,87087.0,11.0,,3,4,HR,1
59,67922.0,20.0,20.0,10,2,Sales,1
29,83080.0,9.0,20.0,12,8,Sales,1
20,113348.0,19.0,29.0,14,1,Sales,1
62,99335.0,35.0,37.0,8,9,IT,1
35,46312.0,27.0,21.0,1,5,IT,0
57,86985.0,23.0,27.0,4,3,IT,1
38,77608.0,4.0,41.0,4,4,IT,1
32,109962.0,36.0,41.0,6,1,Sales,1
50,60277.0,11.0,45.0,12,3,HR,1
52,51551.0,34.0,45.0,12,8,Sales,1
43,109813.0,39.0,28.0,2,2,IT,1
25,76597.0,1.0,40.0,7,2,Sales,1
53,65212.0,38.0,50.0,5,9,HR,1
47,29637.0,,25.0,10,5,IT,0
40,63258.0,21.0,33.0,6,5,HR,1
59,55693.0,4.0,,11,1,HR,0
61,29824.0,11.0,26.0,14,6,HR,0
31,46950.0,0.0,43.0,6,8,IT,1
31,43488.0,21.0,28.0,14,6,Sales,0
19,,37.0,30.0,14,7,IT,1
54,31523.0,18.0,42.0,12,4,IT,0
22,95900.0,15.0,21.0,14,2,Sales,1
55,88689.0,30.0,,11,1,Sales,1
62,43834.0,2.0,,6,6,Sales,0
58,54474.0,22.0,55.0,10,9,Sales,1
64,63066.0,17.0,47.0,12,5,HR,1
31,119871.0,25.0,58.0,8,2,IT,1
56,30400.0,12.0,23.0,10,1,IT,0
42,30345.0,17.0,29.0,4,3,IT,0
37,53896.0,2.0,25.0,10,4,Sales,0
19,105430.0,22.0,49.0,8,7,IT,1
56,48899.0,2.0,54.0,9,9,HR,1
23,48229.0,24.0,29.0,13,8,IT,1
34,25583.0,26.0,51.0,13,9,IT,1
42,24897.0,26.0,22.0,4,7,HR,1
45,91537.0,38.0,45.0,1,8,HR,1
19,24567.0,24.0,34.0,3,8,IT,1
52,94807.0,23.0,36.0,1,1,Sales,1
54,97239.0,7.0,46.0,7,9,Sales,1
22,33329.0,8.0,37.0,12,2,IT,0
18,91792.0,36.0,38.0,1,7,IT,1
57,20228.0,,,11,5,IT,0
29,110282.0,18.0,43.0,4,4,IT,1
53,102214.0,15.0,24.0,13,1,Sales,1
62,,23.0,43.0,14,1,IT,0
40,77769.0,20.0,46.0,1,3,HR,1
64,66032.0,35.0,49.0,13,1,Sales,1
48,108721.0,39.0,34.0,13,8,Sales,1
28,,38.0,57.0,2,3,HR,0
27,96981.0,5.0,53.0,11,2,IT,1
20,,4.0,46.0,14,6,IT,1
31,83261.0,13.0,39.0,1,4,IT,1
33,22809.0,3.0,51.0,13,4,IT,0
27,61785.0,7.0,23.0,5,2,IT,1
46,56547.0,23.0,24.0,7,2,HR,0
27,62818.0,10.0,27.0,3,6,IT,1
29,91927.0,16.0,41.0,14,5,HR,1
47,85681.0,20.0,26.0,8,9,HR,1
58,99465.0,25.0,41.0,14,4,HR,1
18,109862.0,26.0,49.0,5,5,IT,1
22,,15.0,56.0,5,1,IT,1
37,57333.0,25.0,35.0,13,2,Sales,0
25,36576.0,32.0,34.0,5,3,Sales,0
60,59405.0,30.0,24.0,8,5,HR,0
29,114000.0,5.0,22.0,2,5,Sales,1
18,93779.0,7.0,42.0,2,4,HR,1
37,,6.0,29.0,14,3,Sales,0
45,87946.0,33.0,24.0,12,9,IT,1
60,87356.0,13.0,42.0,8,1,IT,1
54,72116.0,15.0,34.0,9,6,HR,1
64,82894.0,8.0,37.0,11,7,HR,1
54,54635.0,9.0,44.0,12,4,IT,0
29,27465.0,16.0,27.0,10,3,IT,0
54,76754.0,11.0,50.0,10,8,IT,1
61,117975.0,5.0,40.0,2,9,Sales,1
45,112850.0,,21.0,4,1,Sales,1
64,105119.0,28.0,41.0,8,9,Sales,1
32,112691.0,5.0,27.0,2,7,Sales,1
23,,24.0,42.0,4,1,HR,0
61,82874.0,23.0,51.0,10,7,HR,1
37,97733.0,24.0,27.0,13,5,Sales,1
31,599965.0,,23.0,13,7,HR,1
19,100960.0,15.0,49.0,1,9,Sales,1
26,68821.0,5.0,38.0,2,8,Sales,1
54,85776.0,36.0,42.0,7,6,IT,1
37,,20.0,37.0,1,2,Sales,1
43,95135.0,3.0,48.0,12,8,HR,1
46,64462.0,33.0,42.0,1,4,Sales,1
18,81382.0,27.0,52.0,2,8,IT,1
52,110194.0,37.0,37.0,4,7,HR,1
23,52574.0,27.0,52.0,7,4,IT,0
54,61910.0,16.0,26.0,4,8,Sales,1
22,93531.0,,47.0,5,2,Sales,1
50,45186.0,6.0,,4,9,Sales,1
31,114781.0,21.0,58.0,4,6,Sales,1
29,42813.0,0.0,53.0,9,7,HR,1
59,98812.0,28.0,58.0,6,1,Sales,1
37,105525.0,30.0,38.0,12,3,IT,1
41,98282.0,29.0,50.0,3,5,HR,1
60,38557.0,,32.0,6,7,HR,1
51,48060.0,,43.0,13,1,HR,0
42,78866.0,34.0,24.0,7,9,IT,1
46,92104.0,29.0,42.0,7,5,IT,1
56,104577.0,33.0,38.0,8,3,IT,1
48,26080.0,10.0,20.0,13,7,IT,1
64,33854.0,26.0,52.0,4,8,Sales,1
60,87695.0,23.0,52.0,1,3,Sales,1
40,47025.0,34.0,51.0,6,7,IT,1
61,72982.0,38.0,47.0,8,7,IT,1
55,61081.0,7.0,56.0,5,4,Sales,1
37,24368.0,17.0,31.0,13,9,Sales,1
40,119621.0,12.0,28.0,3,1,IT,1
62,47094.0,23.0,30.0,4,1,HR,0
33,66040.0,22.0,52.0,8,5,HR,1
59,86766.0,11.0,38.0,6,3,IT,1
25,103053.0,29.0,53.0,13,9,HR,1
38,43991.0,30.0,26.0,13,5,Sales,0
18,21301.0,27.0,50.0,5,7,HR,1
25,48610.0,21.0,21.0,13,1,IT,0
46,101463.0,27.0,38.0,9,2,HR,1
49,54678.0,12.0,57.0,10,4,HR,0
55,44466.0,24.0,51.0,3,9,HR,1
22,100440.0,6.0,29.0,7,5,Sales,1
64,60875.0,5.0,,9,5,Sales,1
39,46081.0,23.0,45.0,11,9,Sales,1
64,44354.0,18.0,49.0,13,8,IT,1
51,,18.0,30.0,11,2,HR,1
18,38300.0,35.0,39.0,12,7,Sales,1
43,84384.0,8.0,39.0,4,1,Sales,1
60,115027.0,,,10,9,HR,1
27,,37.0,27.0,10,3,IT,1
47,55525.0,39.0,34.0,3,2,HR,0
35,46532.0,28.0,53.0,1,4,IT,0
34,26464.0,23.0,43.0,9,4,HR,0
43,36562.0,,52.0,13,3,Sales,0
25,75514.0,25.0,59.0,1,2,Sales,1
64,94219.0,,46.0,2,5,Sales,1
57,,38.0,40.0,9,4,IT,0
29,20060.0,28.0,24.0,5,5,HR,0
44,29269.0,5.0,54.0,4,8,IT,1
25,83143.0,6.0,40.0,9,2,Sales,1
42,43065.0,36.0,23.0,9,9,IT,1
63,22895.0,17.0,35.0,2,1,IT,0
21,100859.0,22.0,50.0,3,8,IT,1
50,32352.0,37.0,45.0,12,5,HR,0
18,69737.0,0.0,54.0,3,2,IT,1
36,116426.0,3.0,25.0,5,8,IT,1
48,52016.0,34.0,52.0,13,5,IT,0
33,81304.0,22.0,40.0,3,3,Sales,1
31,,26.0,35.0,10,7,Sales,1
22,53302.0,25.0,,6,4,HR,0
58,,7.0,53.0,2,6,Sales,1
43,24011.0,15.0,34.0,6,8,HR,1
45,39782.0,2.0,25.0,6,1,Sales,0
19,,31.0,21.0,2,2,HR,1
23,59725.0,4.0,43.0,6,8,HR,1
26,29196.0,19.0,47.0,6,7,HR,1
50,63459.0,13.0,20.0,6,9,Sales,1
58,107245.0,31.0,20.0,12,2,IT,1
42,98863.0,25.0,47.0,13,8,Sales,1
30,52769.0,5.0,55.0,14,6,IT,0
26,44700.0,35.0,39.0,5,1,Sales,0
30,100356.0,39.0,27.0,7,4,IT,1
48,96427.0,4.0,20.0,13,2,Sales,1
58,25269.0,12.0,45.0,12,7,HR,1
28,63880.0,31.0,44.0,5,9,HR,1
21,28320.0,15.0,29.0,11,6,HR,0
51,69589.0,0.0,31.0,1,4,IT,1
55,96276.0,12.0,26.0,12,5,IT,1
63,55897.0,10.0,31.0,9,1,HR,0
21,78565.0,7.0,59.0,3,4,IT,1
55,50930.0,24.0,36.0,2,3,HR,0
36,77233.0,39.0,24.0,10,9,Sales,1
23,102821.0,31.0,33.0,6,6,IT,1
51,,23.0,53.0,8,4,IT,0
35,96896.0,27.0,36.0,2,3,Sales,1
30,90934.0,13.0,54.0,4,4,IT,1
58,75830.0,,20.0,2,8,IT,1
40,25529.0,35.0,55.0,12,5,IT,0
36,114598.0,26.0,34.0,12,1,Sales,1
62,,19.0,38.0,9,5,HR,1
28,69178.0,14.0,24.0,10,8,HR,1
18,26937.0,26.0,38.0,13,4,Sales,0
41,59886.0,27.0,58.0,2,2,Sales,0
24,69699.0,24.0,24.0,10,3,Sales,1
42,,32.0,31.0,2,9,HR,1
38,110678.0,13.0,38.0,14,7,Sales,1
32,45279.0,7.0,31.0,13,3,HR,0
18,,13.0,55.0,5,5,Sales,0
29,99737.0,0.0,31.0,12,3,IT,1
24,60544.0,15.0,37.0,5,4,HR,1
32,28997.0,17.0,53.0,12,8,HR,1
38,105711.0,6.0,52.0,7,3,Sales,1
36,599965.0,14.0,37.0,1,3,IT,1
46,23225.0,23.0,48.0,12,8,HR,1
42,79470.0,,24.0,2,7,Sales,1
50,83656.0,8.0,44.0,11,7,IT,1
49,71880.0,14.0,43.0,11,2,HR,1
52,,34.0,48.0,6,7,Sales,1
61,,23.0,57.0,2,3,IT,1
55,96290.0,32.0,52.0,4,7,HR,1
43,76633.0,15.0,29.0,10,4,HR,1
28,46655.0,7.0,56.0,6,8,IT,1
52,63601.0,28.0,52.0,13,8,Sales,1
25,23114.0,22.0,42.0,12,6,Sales,0
63,46502.0,,30.0,7,3,IT,0
31,69768.0,39.0,43.0,10,6,HR,1
27,68128.0,13.0,43.0,5,6,IT,1
19,40028.0,29.0,26.0,8,3,IT,0
63,75565.0,38.0,40.0,6,4,IT,1
26,103123.0,26.0,39.0,5,2,HR,1
20,55333.0,15.0,29.0,4,1,IT,0
38,23174.0,5.0,44.0,6,2,IT,0
43,55398.0,32.0,55.0,6,7,HR,1
25,55929.0,17.0,34.0,6,5,HR,0
19,24321.0,15.0,59.0,1,9,IT,1
23,115971.0,11.0,59.0,6,3,Sales,1
45,75421.0,,25.0,1,2,IT,1
46,92635.0,39.0,56.0,5,4,HR,1
43,43760.0,28.0,21.0,7,2,HR,0
42,31360.0,29.0,31.0,1,7,HR,1
29,30313.0,25.0,23.0,13,6,Sales,0
22,105998.0,21.0,42.0,1,8,HR,1
51,25801.0,32.0,32.0,13,5,Sales,0
54,,,36.0,13,2,HR,0
32,34271.0,28.0,50.0,6,4,HR,0
61,36075.0,21.0,,7,1,IT,0
53,38984.0,12.0,45.0,6,2,Sales,0
32,108095.0,8.0,47.0,5,4,IT,1
60,80942.0,23.0,20.0,6,6,Sales,1
40,32861.0,14.0,31.0,13,4,HR,0
23,118970.0,35.0,56.0,14,4,HR,1
63,102203.0,12.0,,3,2,Sales,1
61,91376.0,26.0,21.0,9,9,IT,1
60,81247.0,,55.0,5,8,Sales,1
62,89101.0,6.0,34.0,2,8,Sales,1
38,40977.0,7.0,57.0,14,5,Sales,0
40,70617.0,36.0,41.0,14,3,HR,1
60,77473.0,13.0,51.0,12,6,Sales,1
33,106654.0,11.0,39.0,10,9,HR,1
64,108177.0,35.0,55.0,10,8,IT,1
32,92902.0,39.0,52.0,7,7,HR,1
42,112172.0,16.0,34.0,3,8,IT,1
53,35630.0,39.0,22.0,1,4,IT,0
28,40056.0,28.0,48.0,3,6,IT,0
32,27382.0,26.0,46.0,9,5,HR,0
21,75739.0,0.0,24.0,5,2,Sales,1
38,101685.0,33.0,50.0,7,8,HR,1
30,68639.0,3.0,41.0,3,3,IT,1
39,,23.0,54.0,4,5,Sales,1
36,66041.0,20.0,26.0,1,8,HR,1
51,20992.0,32.0,25.0,3,9,IT,1
31,92394.0,6.0,45.0,7,9,IT,1
21,87657.0,0.0,20.0,4,5,Sales,1
63,47160.0,2.0,38.0,2,2,HR,0
44,65156.0,14.0,,14,7,Sales,1
46,71375.0,30.0,55.0,5,7,Sales,1
64,106442.0,15.0,31.0,5,8,Sales,1
45,39572.0,9.0,39.0,2,8,Sales,1
52,24136.0,28.0,42.0,11,5,HR,0
25,81868.0,5.0,44.0,6,1,Sales,1
33,102263.0,28.0,49.0,10,4,IT,1
59,52167.0,16.0,,4,4,IT,0
53,35479.0,21.0,50.0,14,3,IT,0
47,51376.0,23.0,37.0,1,8,Sales,1
35,24823.0,16.0,38.0,3,3,IT,0
19,90456.0,,23.0,14,5,HR,1
30,39585.0,10.0,20.0,9,2,Sales,0
21,37272.0,6.0,34.0,10,6,Sales,0
43,46619.0,38.0,27.0,7,6,Sales,0
42,95069.0,4.0,34.0,13,8,HR,1
47,59895.0,20.0,34.0,6,8,Sales,1
28,23720.0,17.0,58.0,14,1,Sales,0
24,39267.0,34.0,41.0,1,5,IT,0
48,35696.0,19.0,37.0,9,2,IT,0
61,49968.0,14.0,35.0,13,5,Sales,0
27,73364.0,4.0,21.0,9,9,HR,1
56,43345.0,12.0,55.0,1,4,IT,0
30,71567.0,11.0,39.0,14,8,Sales,1
48,111229.0,20.0,35.0,13,1,IT,1
24,81607.0,36.0,22.0,13,8,IT,1
59,39385.0,5.0,49.0,6,6,HR,0
59,103658.0,6.0,21.0,7,8,Sales,1
53,86900.0,25.0,54.0,2,6,IT,1
37,88244.0,7.0,45.0,10,3,Sales,1
21,599965.0,8.0,,8,8,HR,1
24,98518.0,,21.0,8,5,HR,1
18,102844.0,3.0,39.0,6,5,IT,1
61,52919.0,20.0,53.0,9,7,HR,1
62,110697.0,30.0,53.0,3,6,IT,1
59,77196.0,20.0,39.0,2,9,Sales,1
64,99401.0,39.0,44.0,2,7,IT,1
30,20495.0,24.0,39.0,6,3,IT,0
39,64755.0,38.0,44.0,7,5,HR,1
38,87684.0,14.0,33.0,6,9,Sales,1
39,53324.0,34.0,58.0,11,2,Sales,0
45,98929.0,36.0,31.0,3,1,IT,1
26,21552.0,27.0,24.0,5,8,Sales,1
43,71272.0,13.0,21.0,8,8,Sales,1
26,55853.0,3.0,35.0,6,2,IT,0
32,52924.0,19.0,,2,8,IT,1
27,94462.0,,57.0,7,5,Sales,1
41,116387.0,11.0,43.0,8,2,IT,1
59,43889.0,32.0,49.0,4,7,HR,1
25,74675.0,23.0,,12,7,Sales,1
41,93591.0,19.0,58.0,1,3,IT,1
33,90190.0,4.0,,2,1,Sales,1
43,42634.0,37.0,33.0,4,4,Sales,0
44,52363.0,29.0,42.0,7,2,HR,0
54,83752.0,23.0,35.0,2,4,HR,1
21,97004.0,39.0,40.0,6,8,Sales,1
41,76398.0,6.0,23.0,2,2,HR,1
36,118458.0,35.0,52.0,12,1,IT,1
53,60718.0,37.0,33.0,7,3,Sales,1
56,102916.0,15.0,38.0,2,7,HR,1
27,,14.0,24.0,3,6,Sales,0
42,57394.0,22.0,55.0,9,6,Sales,0
35,72057.0,,50.0,13,7,IT,1
36,99795.0,28.0,37.0,4,8,IT,1
53,100409.0,14.0,50.0,14,3,IT,1
27,33016.0,28.0,49.0,5,3,HR,0
50,62137.0,20.0,40.0,9,8,HR,1
22,,14.0,49.0,7,7,HR,1
64,27853.0,13.0,23.0,8,5,IT,0
52,32379.0,15.0,24.0,11,4,Sales,0
61,35792.0,14.0,29.0,3,6,IT,0
51,58367.0,3.0,46.0,11,9,HR,1
50,38100.0,26.0,35.0,11,6,HR,0
38,83456.0,22.0,49.0,4,8,HR,1
34,31049.0,28.0,32.0,7,1,IT,0
39,20786.0,8.0,55.0,4,6,HR,0
54,89904.0,6.0,40.0,2,2,IT,1
32,50699.0,3.0,59.0,14,3,Sales,0
52,67691.0,4.0,34.0,10,6,IT,1
45,57040.0,4.0,39.0,6,2,HR,0
24,,10.0,39.0,9,4,Sales,1
49,77986.0,27.0,24.0,2,6,HR,1
28,58762.0,15.0,51.0,1,5,Sales,0
27,43600.0,29.0,25.0,8,6,HR,0
26,114774.0,3.0,49.0,1,6,IT,1
31,110777.0,1.0,45.0,1,8,HR,1
30,39810.0,2.0,56.0,3,9,IT,1
42,105703.0,20.0,32.0,5,5,IT,1
19,107347.0,5.0,48.0,13,6,Sales,1
52,77204.0,17.0,24.0,12,6,IT,1
24,40085.0,4.0,44.0,9,6,IT,0
38,66854.0,8.0,32.0,11,2,IT,1
35,94797.0,19.0,43.0,10,4,Sales,1
20,104269.0,27.0,50.0,2,1,HR,1
59,59779.0,25.0,39.0,12,1,HR,0
56,76207.0,17.0,27.0,12,1,IT,1
58,114615.0,18.0,28.0,1,7,IT,1
28,53980.0,2.0,40.0,1,1,HR,0
56,76117.0,8.0,39.0,8,6,IT,1
41,34141.0,35.0,34.0,10,2,HR,0
63,29344.0,30.0,45.0,10,6,Sales,0
36,35896.0,16.0,30.0,10,6,IT,0
21,109353.0,22.0,56.0,2,3,IT,1
43,49813.0,33.0,30.0,13,8,HR,1
55,,4.0,46.0,9,4,HR,1
59,85679.0,14.0,,9,7,Sales,1
49,30681.0,2.0,38.0,2,4,IT,0
56,92903.0,18.0,53.0,3,1,HR,1
62,23228.0,27.0,57.0,2,6,Sales,0
63,24582.0,2.0,42.0,6,5,HR,0
53,98683.0,37.0,20.0,7,9,HR,1
57,31397.0,3.0,22.0,12,9,Sales,1
54,58799.0,23.0,22.0,6,8,Sales,1
50,57011.0,30.0,47.0,3,7,Sales,1
53,99183.0,10.0,,12,2,Sales,1
20,113254.0,36.0,49.0,3,8,Sales,1
26,64264.0,0.0,24.0,12,3,Sales,1
25,62317.0,8.0,34.0,2,6,IT,1
50,67914.0,16.0,57.0,2,7,Sales,1
23,104633.0,0.0,,11,6,IT,1
58,65254.0,2.0,33.0,12,5,HR,1
56,60096.0,25.0,27.0,5,4,HR,1
21,73785.0,30.0,27.0,11,2,Sales,1
30,72344.0,25.0,38.0,11,9,HR,1
19,102643.0,22.0,51.0,8,7,Sales,1
22,88546.0,29.0,50.0,6,7,Sales,1
61,91091.0,9.0,48.0,9,4,IT,1
44,85603.0,7.0,30.0,11,5,HR,1
49,599965.0,24.0,32.0,5,6,Sales,0
38,71658.0,21.0,46.0,10,2,HR,1
25,119841.0,,38.0,4,4,IT,1
55,69549.0,9.0,45.0,9,4,HR,1
25,31549.0,19.0,56.0,12,4,IT,0
20,91216.0,22.0,28.0,10,7,IT,1
61,45739.0,0.0,47.0,11,7,IT,1
20,599965.0,1.0,,14,7,Sales,1
39,107968.0,18.0,22.0,5,7,Sales,1
23,35116.0,13.0,51.0,1,2,HR,0
19,40045.0,7.0,24.0,5,5,Sales,0
40,46327.0,37.0,27.0,5,2,Sales,0
61,,11.0,33.0,5,5,HR,0
19,63617.0,25.0,22.0,13,6,IT,1
55,80139.0,26.0,43.0,2,3,IT,1
34,,28.0,32.0,13,6,HR,0
52,84148.0,14.0,48.0,6,5,Sales,1
51,92603.0,0.0,27.0,5,4,HR,1
40,118095.0,27.0,50.0,2,9,HR,1
47,62919.0,2.0,45.0,12,8,Sales,1
25,103521.0,17.0,37.0,10,7,HR,1
39,112905.0,33.0,37.0,14,1,Sales,1
61,103400.0,31.0,26.0,8,9,Sales,1
53,108150.0,28.0,57.0,6,9,HR,1
22,78446.0,24.0,35.0,11,6,IT,1
30,72428.0,25.0,52.0,10,7,Sales,1
46,67894.0,38.0,22.0,12,3,IT,1
48,101149.0,7.0,57.0,11,5,Sales,1
64,26447.0,18.0,23.0,3,7,IT,1
33,25499.0,21.0,,9,1,HR,0
59,59041.0,28.0,23.0,13,1,Sales,0
47,51315.0,32.0,28.0,11,5,HR,0
33,21299.0,37.0,59.0,11,9,HR,1
29,24994.0,34.0,,14,7,HR,1
34,115414.0,2.0,36.0,4,1,Sales,1
33,101163.0,18.0,52.0,3,5,HR,1
29,27489.0,9.0,39.0,7,8,HR,1
25,111647.0,26.0,33.0,12,8,Sales,1
37,52355.0,14.0,41.0,13,2,HR,0
20,93805.0,10.0,46.0,14,7,Sales,1
33,88367.0,25.0,22.0,8,5,HR,1
47,97355.0,23.0,43.0,7,9,IT,1
62,110349.0,12.0,49.0,1,3,HR,1
40,107173.0,31.0,27.0,1,1,IT,1
45,21996.0,36.0,41.0,13,4,Sales,0
57,64387.0,3.0,44.0,5,7,IT,1
22,,12.0,29.0,14,1,Sales,0
37,118827.0,8.0,48.0,8,2,HR,1
57,40659.0,33.0,59.0,14,5,IT,0
61,65178.0,36.0,20.0,10,9,HR,1
18,115965.0,6.0,40.0,11,1,IT,1
47,101268.0,0.0,58.0,3,4,Sales,1
38,105042.0,11.0,43.0,8,3,Sales,1
37,90726.0,20.0,28.0,3,5,Sales,1
23,90111.0,10.0,45.0,4,5,Sales,1
39,54565.0,13.0,28.0,10,2,HR,0
35,109242.0,33.0,39.0,7,5,HR,1
25,,33.0,54.0,3,9,HR,1
56,37199.0,24.0,,4,5,HR,0
49,80038.0,3.0,55.0,8,2,HR,1
50,77786.0,25.0,28.0,4,7,Sales,1
33,,,41.0,9,6,HR,1
29,98015.0,,20.0,4,7,HR,1
55,54178.0,1.0,24.0,13,8,HR,1
51,32665.0,34.0,28.0,14,5,Sales,0
31,20534.0,18.0,56.0,4,2,Sales,0
53,,5.0,57.0,13,7,Sales,1
50,56132.0,18.0,38.0,5,7,Sales,1
40,56110.0,7.0,27.0,1,8,HR,1
62,78754.0,13.0,51.0,7,7,HR,1
19,83580.0,9.0,32.0,9,7,IT,1
58,42469.0,2.0,39.0,12,9,HR,1
38,,,55.0,9,8,Sales,1
19,66233.0,28.0,,1,2,Sales,1
44,,14.0,49.0,6,2,HR,1
26,78232.0,22.0,29.0,3,7,IT,1
18,,22.0,50.0,4,3,Sales,1
28,106437.0,17.0,44.0,8,1,IT,1
20,54409.0,18.0,48.0,4,9,Sales,1
40,39324.0,27.0,43.0,8,3,Sales,0
43,28738.0,25.0,58.0,4,1,HR,0
21,599965.0,9.0,40.0,9,6,Sales,0
35,49709.0,3.0,28.0,6,4,IT,0
23,105643.0,1.0,21.0,1,1,IT,1
52,20363.0,2.0,23.0,13,4,HR,0
39,30358.0,6.0,27.0,10,8,Sales,1
60,23240.0,15.0,51.0,2,7,IT,1
32,92201.0,30.0,33.0,7,1,HR,1
39,65689.0,9.0,32.0,10,9,IT,1
54,21936.0,18.0,40.0,7,6,HR,0
59,111074.0,,43.0,3,2,IT,1
29,63965.0,16.0,37.0,1,3,Sales,1
64,97534.0,27.0,59.0,8,7,IT,1
59,20882.0,18.0,45.0,13,3,IT,0
55,40224.0,36.0,51.0,13,3,HR,0
35,50825.0,22.0,52.0,10,5,HR,0
62,90740.0,19.0,50.0,14,3,HR,1
52,48885.0,12.0,37.0,11,3,IT,0
47,60056.0,,54.0,11,5,HR,1
41,23203.0,10.0,,10,5,Sales,0
59,80241.0,14.0,44.0,7,9,HR,1
47,22244.0,16.0,50.0,10,1,HR,0
31,118322.0,27.0,29.0,8,1,Sales,1
23,88619.0,18.0,53.0,1,9,HR,1
20,41584.0,3.0,22.0,14,5,HR,0
33,28521.0,21.0,58.0,3,4,IT,0
24,70017.0,21.0,27.0,13,2,IT,1
31,53541.0,36.0,51.0,2,9,HR,1
26,49063.0,38.0,48.0,1,6,Sales,0
32,90268.0,33.0,41.0,5,9,HR,1
38,84952.0,32.0,39.0,3,5,HR,1
52,113054.0,39.0,25.0,10,4,HR,1
19,59563.0,32.0,48.0,8,7,IT,1
44,,11.0,36.0,6,5,Sales,0
19,115233.0,1.0,50.0,10,8,Sales,1
52,22567.0,27.0,53.0,14,8,Sales,1
35,36121.0,9.0,57.0,9,2,IT,0
31,21674.0,21.0,56.0,9,5,IT,0
37,96411.0,,,11,8,HR,1
35,86275.0,25.0,21.0,6,3,IT,1
27,87081.0,2.0,,2,7,HR,1
42,49140.0,6.0,54.0,9,3,IT,0
19,29327.0,7.0,25.0,2,6,HR,0
42,90663.0,19.0,27.0,3,2,IT,1
50,43331.0,11.0,40.0,6,6,Sales,0
53,43004.0,,54.0,2,6,HR,0
48,30492.0,16.0,34.0,5,8,IT,1
31,74797.0,,26.0,2,5,IT,1
18,78095.0,9.0,34.0,12,1,HR,1
63,33749.0,21.0,25.0,4,8,IT,1
33,83217.0,37.0,36.0,11,9,Sales,1
63,109044.0,,23.0,11,1,HR,1
20,29045.0,21.0,41.0,3,5,HR,0
52,40116.0,36.0,51.0,5,6,HR,0
58,,12.0,41.0,6,4,HR,0
23,95057.0,26.0,46.0,13,2,HR,1
42,94205.0,14.0,34.0,7,5,Sales,1
30,599965.0,21.0,41.0,10,4,HR,0
51,31283.0,29.0,47.0,8,7,Sales,1
25,50935.0,39.0,57.0,9,6,Sales,0
38,92534.0,36.0,28.0,14,3,Sales,1
51,114342.0,33.0,53.0,4,9,HR,1
21,51624.0,33.0,55.0,4,4,Sales,0
42,33440.0,34.0,28.0,7,5,HR,0
32,66501.0,18.0,34.0,12,3,Sales,1
21,107333.0,7.0,39.0,10,8,HR,1
62,21269.0,38.0,27.0,10,7,IT,1
29,27868.0,32.0,47.0,11,7,IT,1
49,50251.0,27.0,38.0,9,8,Sales,1
49,97909.0,36.0,35.0,11,7,IT,1
45,104523.0,24.0,30.0,2,3,Sales,1
30,58729.0,35.0,27.0,13,3,Sales,0
48,35734.0,16.0,52.0,11,2,Sales,0
31,62429.0,23.0,29.0,6,1,IT,1
37,61337.0,20.0,37.0,10,5,Sales,1
35,60325.0,1.0,54.0,10,4,IT,1
46,103600.0,30.0,22.0,8,2,IT,1
23,82514.0,32.0,59.0,13,1,HR,1
49,28433.0,29.0,46.0,5,3,IT,0
46,29111.0,11.0,47.0,5,6,HR,0
60,83753.0,11.0,,8,2,Sales,1
19,100583.0,23.0,,1,7,Sales,1
40,93620.0,23.0,26.0,6,7,HR,1
36,41751.0,10.0,29.0,10,3,Sales,0
48,36453.0,12.0,34.0,13,1,HR,0
22,105844.0,26.0,50.0,9,9,HR,1
36,58968.0,7.0,48.0,12,5,Sales,0
51,50077.0,,36.0,6,2,HR,0
27,54775.0,7.0,48.0,7,8,HR,1
42,78144.0,19.0,34.0,4,4,HR,1
19,68570.0,7.0,45.0,12,7,Sales,1
28,,8.0,31.0,10,5,Sales,1
48,44503.0,6.0,44.0,1,3,Sales,0
32,22779.0,13.0,24.0,9,8,Sales,1
26,106840.0,27.0,23.0,12,2,Sales,1
40,20755.0,1.0,50.0,6,1,IT,0
36,,7.0,22.0,3,5,IT,0
26,75087.0,12.0,22.0,4,4,HR,1
52,62281.0,20.0,45.0,10,7,IT,1
38,71482.0,27.0,36.0,12,9,Sales,1
26,74857.0,34.0,29.0,6,6,Sales,1
45,37400.0,22.0,21.0,6,1,Sales,0
63,60115.0,14.0,43.0,12,8,HR,1
24,34249.0,1.0,30.0,9,2,HR,0
33,66825.0,11.0,43.0,4,4,HR,1
33,44600.0,35.0,54.0,5,3,HR,0
50,57706.0,2.0,42.0,5,6,HR,0
21,39222.0,4.0,51.0,3,2,HR,0
21,119041.0,2.0,,2,5,IT,1
56,61139.0,18.0,53.0,8,9,Sales,1
57,61302.0,1.0,,10,3,IT,1
34,114684.0,36.0,21.0,9,2,HR,1
54,107838.0,16.0,21.0,10,2,Sales,1
56,88159.0,13.0,34.0,11,9,Sales,1
46,28646.0,27.0,40.0,13,6,Sales,0
53,33543.0,26.0,54.0,9,2,IT,0
55,114496.0,9.0,24.0,14,3,Sales,1
56,42785.0,2.0,46.0,5,1,HR,0
54,98353.0,35.0,43.0,11,2,HR,1
52,51406.0,37.0,26.0,9,2,IT,0
24,108992.0,24.0,25.0,4,2,IT,1
44,71428.0,21.0,52.0,2,7,HR,1
45,43777.0,38.0,36.0,3,3,IT,0
39,77939.0,29.0,49.0,1,4,Sales,1
31,73026.0,20.0,27.0,5,2,IT,1
24,106450.0,,59.0,1,5,Sales,1
54,49553.0,27.0,26.0,12,9,Sales,1
39,43548.0,30.0,25.0,11,9,Sales,1
22,83221.0,25.0,23.0,1,7,Sales,1
19,57265.0,21.0,20.0,14,8,Sales,1
44,60701.0,20.0,34.0,11,5,HR,1
38,71287.0,0.0,50.0,11,5,HR,1
55,26727.0,36.0,44.0,13,3,HR,0
32,70717.0,12.0,52.0,7,6,Sales,1
38,52427.0,20.0,54.0,2,1,IT,0
27,36692.0,8.0,24.0,8,3,IT,0
40,51625.0,16.0,24.0,6,2,Sales,0
56,44918.0,20.0,55.0,4,7,IT,1
22,61136.0,30.0,36.0,9,9,Sales,1
18,72409.0,38.0,33.0,10,4,IT,1
30,35577.0,,48.0,8,7,Sales,1
38,105155.0,,27.0,13,8,IT,1
43,119246.0,5.0,53.0,10,2,IT,1
62,101731.0,15.0,59.0,3,7,HR,1
38,47689.0,25.0,20.0,3,3,IT,0
35,31154.0,4.0,48.0,4,8,IT,1
54,114948.0,8.0,55.0,14,6,Sales,1
62,41341.0,39.0,56.0,9,3,IT,0
49,117554.0,13.0,48.0,9,8,IT,1
53,94681.0,29.0,24.0,5,3,IT,1
34,66330.0,,51.0,12,9,IT,1
52,107759.0,28.0,43.0,9,3,IT,1
28,88416.0,18.0,38.0,6,1,HR,1
38,106807.0,7.0,31.0,8,2,IT,1
43,53313.0,22.0,20.0,11,4,Sales,0
21,66900.0,34.0,26.0,8,2,Sales,1
51,98840.0,30.0,,12,4,IT,1
35,54695.0,34.0,53.0,10,4,IT,0
57,50225.0,31.0,26.0,7,4,IT,0
52,106072.0,4.0,36.0,4,1,HR,1
58,116367.0,15.0,22.0,4,9,Sales,1
46,69156.0,16.0,48.0,6,7,HR,1
46,97209.0,31.0,41.0,14,2,HR,1
55,107453.0,37.0,57.0,9,3,IT,1
59,47829.0,31.0,48.0,7,8,IT,1
38,100908.0,19.0,24.0,5,7,Sales,1
59,45938.0,,49.0,5,4,IT,0
30,79164.0,19.0,42.0,8,4,Sales,1
58,74530.0,17.0,40.0,6,9,HR,1
34,88199.0,0.0,45.0,1,5,Sales,1
26,80282.0,28.0,40.0,1,5,Sales,1
58,67801.0,28.0,39.0,9,7,Sales,1
18,29465.0,18.0,42.0,8,1,HR,0
19,23326.0,39.0,23.0,6,3,HR,0
46,23659.0,5.0,40.0,13,2,IT,0
50,80289.0,38.0,40.0,1,6,IT,1
27,47594.0,7.0,,14,6,Sales,0
57,24763.0,23.0,34.0,2,1,Sales,0
38,108657.0,19.0,36.0,10,6,HR,1
45,30828.0,,33.0,3,2,HR,0
28,67588.0,4.0,38.0,10,4,HR,1
51,31221.0,39.0,53.0,12,6,Sales,0
25,31211.0,33.0,25.0,3,3,Sales,0
39,33569.0,15.0,25.0,2,3,HR,0
25,116894.0,6.0,24.0,12,3,Sales,1
32,57860.0,15.0,26.0,2,4,HR,0
34,91558.0,6.0,52.0,6,9,IT,1
40,65337.0,26.0,32.0,7,4,HR,1
41,72311.0,13.0,,4,4,Sales,1
62,33515.0,13.0,32.0,1,4,Sales,0
36,91695.0,32.0,46.0,6,7,Sales,1
22,107227.0,32.0,26.0,7,5,Sales,1
49,44904.0,19.0,22.0,4,2,HR,0
61,79935.0,35.0,44.0,6,7,HR,1
18,63790.0,6.0,52.0,9,3,IT,1
40,88580.0,31.0,,4,1,HR,1
54,599965.0,2.0,36.0,12,9,IT,1
25,25636.0,38.0,33.0,14,5,HR,0
30,97129.0,28.0,56.0,10,1,HR,1
25,22892.0,23.0,42.0,4,1,Sales,0
40,41672.0,21.0,43.0,10,1,IT,0
60,25812.0,5.0,48.0,12,9,Sales,1
18,116621.0,23.0,57.0,5,8,Sales,1
62,,39.0,46.0,3,6,HR,0
41,74633.0,22.0,57.0,10,6,HR,1
52,37143.0,37.0,59.0,2,6,IT,0
41,75934.0,,42.0,9,4,IT,1
34,87334.0,15.0,50.0,13,5,HR,1
22,49087.0,10.0,55.0,1,3,IT,0
37,31618.0,31.0,36.0,5,3,HR,0
38,28446.0,5.0,56.0,5,7,HR,1
57,107182.0,23.0,22.0,8,5,HR,1
48,68867.0,32.0,55.0,6,8,IT,1
63,71028.0,11.0,24.0,6,5,Sales,1
53,80101.0,26.0,34.0,6,4,IT,1
28,47200.0,37.0,25.0,4,3,Sales,0
32,115107.0,17.0,29.0,1,2,IT,1
36,108074.0,38.0,51.0,3,3,Sales,1
24,81465.0,12.0,42.0,13,7,Sales,1
45,106436.0,39.0,36.0,13,8,IT,1
60,107892.0,29.0,39.0,10,5,IT,1
22,108559.0,12.0,34.0,12,1,Sales,1
22,59148.0,33.0,41.0,11,3,HR,0
47,102928.0,35.0,25.0,6,4,Sales,1
49,40698.0,29.0,23.0,5,4,Sales,0
25,62470.0,24.0,42.0,10,1,HR,1
27,112071.0,1.0,38.0,1,9,Sales,1
55,71660.0,35.0,,5,4,HR,1
64,73910.0,17.0,22.0,2,2,HR,1
49,55450.0,4.0,47.0,1,9,IT,1
45,,18.0,22.0,4,4,Sales,1
34,53757.0,17.0,33.0,6,4,Sales,0
48,98012.0,31.0,37.0,7,6,HR,1
25,90247.0,20.0,46.0,9,8,Sales,1
57,92015.0,9.0,29.0,5,5,HR,1
42,51390.0,36.0,34.0,8,8,Sales,1
26,76116.0,21.0,38.0,8,1,Sales,1
19,33161.0,12.0,28.0,11,4,HR,0
32,52152.0,16.0,23.0,9,1,HR,0
20,100171.0,8.0,34.0,3,3,Sales,1
53,,23.0,27.0,3,7,Sales,1
21,40836.0,13.0,20.0,9,1,HR,0
31,110367.0,7.0,26.0,7,5,IT,1
58,,36.0,50.0,4,1,IT,1
58,75648.0,18.0,37.0,1,6,Sales,1
42,46331.0,27.0,31.0,7,9,Sales,1
27,30763.0,29.0,49.0,10,3,Sales,0
38,89444.0,6.0,52.0,6,6,HR,1
53,113109.0,25.0,26.0,3,4,Sales,1
29,39187.0,39.0,,14,6,Sales,0
44,31957.0,10.0,22.0,5,2,Sales,0
57,24379.0,13.0,25.0,3,4,IT,0
19,47959.0,20.0,,8,7,Sales,1
30,102018.0,7.0,57.0,5,6,Sales,1
49,47105.0,2.0,34.0,10,9,HR,1
48,20877.0,27.0,26.0,10,7,IT,1
33,68353.0,28.0,49.0,6,1,HR,1
49,103788.0,22.0,46.0,2,6,Sales,1
49,116870.0,17.0,36.0,8,3,Sales,1
51,104585.0,34.0,37.0,9,8,Sales,1
28,103308.0,12.0,41.0,3,1,Sales,1
27,71567.0,11.0,45.0,13,2,Sales,1
32,77913.0,4.0,46.0,6,3,HR,1
34,22637.0,38.0,59.0,6,3,Sales,0
57,92778.0,10.0,43.0,2,7,Sales,1
35,62025.0,10.0,27.0,10,8,IT,1
26,119508.0,30.0,40.0,8,9,IT,1
42,102464.0,30.0,48.0,5,7,Sales,1
57,48742.0,12.0,40.0,11,8,Sales,1
31,31831.0,13.0,22.0,11,6,Sales,0
42,105092.0,24.0,50.0,8,2,Sales,1
39,110879.0,32.0,46.0,14,1,Sales,1
47,108370.0,32.0,46.0,13,3,Sales,1
37,66762.0,14.0,28.0,14,9,HR,1
38,,15.0,52.0,8,7,HR,1
61,108741.0,37.0,52.0,12,2,HR,1
49,38830.0,5.0,45.0,3,1,IT,0
63,75044.0,24.0,47.0,5,2,Sales,1
38,93948.0,14.0,50.0,7,3,IT,1
52,89202.0,3.0,20.0,5,6,IT,1
49,,3.0,39.0,6,9,IT,1
47,106322.0,29.0,31.0,2,8,HR,1
56,91051.0,33.0,,8,9,Sales,1
29,46627.0,26.0,34.0,5,8,Sales,1
58,35198.0,30.0,53.0,6,7,IT,1
64,89521.0,31.0,35.0,1,6,HR,1
35,49475.0,38.0,23.0,10,8,IT,1
38,,8.0,27.0,2,6,IT,0
30,23681.0,7.0,53.0,11,2,Sales,0
38,111555.0,13.0,44.0,4,9,HR,1
25,,32.0,34.0,11,9,Sales,1
63,62292.0,22.0,47.0,9,3,IT,1
57,25629.0,20.0,28.0,6,9,Sales,1
63,113246.0,,21.0,8,2,IT,1
24,115864.0,1.0,36.0,2,3,HR,1
40,97814.0,12.0,29.0,10,6,Sales,1
61,28417.0,3.0,28.0,5,4,Sales,0
49,54765.0,19.0,,12,8,Sales,1
28,94499.0,13.0,21.0,12,1,Sales,1
39,76574.0,29.0,43.0,13,6,Sales,1
39,110545.0,28.0,38.0,1,2,HR,1
60,47675.0,7.0,36.0,4,6,HR,0
42,,11.0,29.0,10,1,Sales,1
39,60563.0,37.0,,1,2,IT,1
45,31332.0,25.0,,11,9,IT,1
46,39177.0,1.0,47.0,11,6,Sales,0
30,109254.0,,,9,8,Sales,1
35,88447.0,13.0,22.0,2,7,HR,1
19,77104.0,5.0,34.0,7,9,HR,1
46,104335.0,39.0,29.0,3,9,Sales,1
38,100730.0,30.0,40.0,14,4,Sales,1
32,24951.0,16.0,,2,7,IT,1
44,48333.0,24.0,34.0,13,5,HR,0
48,41673.0,31.0,42.0,4,7,Sales,1
32,60870.0,11.0,33.0,7,4,HR,1
40,91101.0,12.0,34.0,7,1,Sales,1
41,42821.0,18.0,29.0,9,4,Sales,0
61,45494.0,24.0,28.0,12,3,Sales,0
30,119477.0,30.0,58.0,13,9,Sales,1
39,94160.0,36.0,24.0,3,5,IT,1
60,20835.0,24.0,44.0,7,4,Sales,0
54,38646.0,15.0,,6,8,IT,1
50,97360.0,37.0,27.0,10,5,IT,1
20,57335.0,,41.0,7,3,Sales,0
36,89351.0,13.0,44.0,7,2,HR,1
40,22429.0,5.0,31.0,10,8,HR,1
46,61950.0,24.0,28.0,5,2,Sales,1
47,80654.0,22.0,29.0,9,8,Sales,1
56,88143.0,11.0,29.0,7,5,Sales,1
61,111186.0,12.0,28.0,7,8,HR,1
64,117889.0,35.0,45.0,12,5,HR,1
42,97527.0,38.0,54.0,14,1,Sales,1
54,106704.0,33.0,46.0,3,2,HR,1
64,51099.0,5.0,50.0,1,6,IT,0
25,59385.0,37.0,38.0,14,3,HR,0
59,55919.0,39.0,57.0,14,8,HR,1
33,116952.0,,25.0,5,5,Sales,1
25,,7.0,34.0,8,3,IT,1
18,91116.0,39.0,48.0,5,7,Sales,1
61,92590.0,32.0,24.0,10,8,HR,1
22,109626.0,33.0,33.0,3,4,IT,1
20,60387.0,14.0,21.0,9,9,Sales,1
18,35823.0,35.0,42.0,2,6,HR,0
21,,34.0,38.0,3,1,IT,1
57,35339.0,21.0,43.0,12,5,Sales,0
52,23491.0,22.0,39.0,4,5,IT,0
49,20706.0,39.0,46.0,10,7,HR,1
59,117493.0,21.0,43.0,1,7,Sales,1
51,35728.0,4.0,36.0,11,6,HR,0
60,26997.0,30.0,44.0,4,8,IT,1
42,80408.0,12.0,50.0,4,2,HR,1
27,78097.0,27.0,47.0,9,7,IT,1
38,58523.0,,47.0,8,7,Sales,1
63,45163.0,32.0,41.0,2,4,HR,0
56,37718.0,15.0,24.0,13,2,Sales,0
44,107508.0,,,7,4,Sales,1
44,103767.0,22.0,57.0,6,4,Sales,1
19,59619.0,23.0,47.0,7,6,Sales,0
58,32126.0,33.0,31.0,11,7,HR,1
30,109131.0,6.0,44.0,4,3,HR,1
26,84926.0,37.0,57.0,14,1,Sales,1
53,60633.0,,34.0,14,3,Sales,1
39,97654.0,3.0,53.0,5,9,IT,1
59,23317.0,33.0,32.0,6,1,Sales,0
43,64980.0,21.0,27.0,9,8,IT,1
29,64115.0,4.0,32.0,2,2,IT,1
34,81646.0,22.0,55.0,11,6,Sales,1
31,63158.0,14.0,25.0,9,3,HR,1
31,75963.0,30.0,57.0,10,7,IT,1
51,67631.0,8.0,51.0,1,2,HR,1
37,69316.0,24.0,40.0,4,4,Sales,1
28,79342.0,24.0,26.0,12,9,Sales,1
33,599965.0,,45.0,5,6,Sales,0
48,88593.0,8.0,34.0,9,4,Sales,1
23,46660.0,37.0,42.0,6,2,IT,0
36,,21.0,57.0,4,9,IT,1
54,85938.0,22.0,34.0,2,4,HR,1
21,28605.0,3.0,59.0,5,9,HR,1
64,77388.0,28.0,35.0,8,2,IT,1
21,101297.0,,51.0,8,7,Sales,1
37,,0.0,,6,5,HR,1
27,73309.0,29.0,37.0,11,8,IT,1
41,47043.0,28.0,39.0,1,8,HR,1
52,53635.0,19.0,21.0,8,4,IT,0
43,99315.0,32.0,42.0,4,4,Sales,1
54,100691.0,35.0,49.0,14,8,IT,1
55,,,22.0,2,3,HR,0
38,109387.0,12.0,58.0,1,7,IT,1
57,35366.0,6.0,20.0,7,8,HR,1
56,113944.0,7.0,41.0,2,8,HR,1
38,92107.0,27.0,48.0,13,4,HR,1
27,82580.0,8.0,33.0,4,9,Sales,1
55,77889.0,24.0,47.0,4,4,Sales,1
63,,15.0,40.0,13,8,IT,1
21,59236.0,9.0,51.0,10,6,IT,0
62,24150.0,10.0,25.0,1,5,HR,0
37,39423.0,30.0,20.0,2,4,Sales,0
34,24137.0,11.0,40.0,1,5,IT,0
24,49992.0,30.0,23.0,6,1,IT,0
21,114438.0,13.0,22.0,13,7,Sales,1
46,64921.0,31.0,49.0,3,8,HR,1
31,99369.0,16.0,50.0,1,9,IT,1
20,,34.0,53.0,12,3,HR,1
41,93690.0,0.0,38.0,8,9,Sales,1
54,54235.0,,39.0,14,5,Sales,0
33,98975.0,3.0,42.0,12,6,IT,1
21,39122.0,22.0,59.0,14,1,IT,0
41,43956.0,27.0,44.0,4,9,Sales,1
51,83879.0,15.0,34.0,10,9,HR,1
47,78560.0,11.0,57.0,7,6,HR,1
35,102800.0,20.0,42.0,10,8,Sales,1
36,88685.0,16.0,21.0,2,4,IT,1
48,44660.0,39.0,34.0,6,5,Sales,0
36,106064.0,12.0,54.0,6,5,IT,1
63,21168.0,31.0,29.0,7,7,HR,1
36,65124.0,36.0,33.0,12,7,IT,1
39,55897.0,14.0,46.0,1,7,HR,1
41,35032.0,11.0,33.0,14,5,Sales,0
62,72797.0,14.0,54.0,12,4,IT,1
29,55294.0,33.0,52.0,1,8,HR,1
47,63827.0,5.0,20.0,2,1,IT,1
55,,16.0,53.0,14,1,HR,0
48,39751.0,19.0,38.0,11,6,HR,0
53,50373.0,,43.0,2,2,Sales,0
36,50270.0,4.0,,5,3,Sales,0
62,30386.0,22.0,,1,4,IT,0
53,84817.0,32.0,,11,2,HR,1
47,85184.0,37.0,51.0,2,7,Sales,1
50,99693.0,13.0,28.0,6,1,IT,1
35,57879.0,,58.0,3,3,Sales,0
45,69597.0,,35.0,4,2,IT,1
64,,32.0,22.0,1,9,Sales,1
28,23626.0,0.0,39.0,5,8,Sales,1
62,105936.0,12.0,29.0,4,3,HR,1
50,101515.0,26.0,41.0,8,5,HR,1
34,97065.0,5.0,22.0,3,3,Sales,1
23,75390.0,5.0,30.0,10,6,HR,1
21,36645.0,32.0,44.0,1,5,Sales,0
37,111960.0,29.0,,14,2,IT,1
64,74144.0,34.0,28.0,13,8,Sales,1
44,33382.0,22.0,34.0,10,6,Sales,0
32,24025.0,9.0,51.0,5,3,IT,0
23,63226.0,18.0,22.0,14,1,IT,1
64,99380.0,27.0,23.0,1,5,HR,1
31,89711.0,22.0,49.0,11,2,IT,1
28,116055.0,,32.0,5,2,HR,1
56,94710.0,19.0,40.0,9,9,Sales,1
26,23443.0,18.0,38.0,5,7,IT,1
43,41395.0,26.0,58.0,2,6,Sales,0
33,30725.0,33.0,41.0,13,1,HR,0
22,53461.0,3.0,39.0,2,2,IT,0
27,61115.0,37.0,56.0,10,7,HR,1
20,116887.0,6.0,50.0,9,3,HR,1
30,103732.0,6.0,29.0,12,2,IT,1
60,99790.0,25.0,37.0,14,6,IT,1
47,99557.0,25.0,58.0,5,8,HR,1
62,91260.0,18.0,39.0,11,8,IT,1
23,48690.0,8.0,37.0,8,2,HR,0
34,21407.0,19.0,30.0,10,6,Sales,0
62,93568.0,15.0,41.0,4,5,Sales,1
36,78560.0,16.0,37.0,2,7,IT,1
59,67340.0,21.0,53.0,4,4,IT,1
52,37794.0,12.0,42.0,12,2,Sales,0
63,39881.0,11.0,20.0,11,3,HR,0
43,106292.0,9.0,,4,9,HR,1
22,114952.0,,20.0,11,8,HR,1
46,69703.0,31.0,57.0,9,9,IT,1
54,64354.0,29.0,58.0,10,5,HR,1
37,,7.0,28.0,11,5,IT,1
38,98462.0,20.0,,6,7,IT,1
27,119301.0,21.0,26.0,10,7,IT,1
22,34390.0,17.0,36.0,6,1,Sales,0
53,107475.0,1.0,54.0,5,5,HR,1
23,,8.0,56.0,6,8,IT,1
43,116364.0,2.0,37.0,1,7,HR,1
21,114049.0,25.0,52.0,13,2,Sales,1
56,44502.0,20.0,23.0,5,8,HR,1
56,599965.0,,42.0,12,2,Sales,1
52,42486.0,27.0,30.0,6,1,IT,0
18,58258.0,35.0,28.0,8,3,IT,0
41,77716.0,25.0,49.0,4,3,Sales,1
53,117228.0,33.0,27.0,14,6,IT,1
23,101494.0,7.0,59.0,5,3,HR,1
58,102768.0,9.0,24.0,4,7,HR,1
63,30748.0,13.0,31.0,7,8,Sales,1
61,82785.0,39.0,20.0,10,3,HR,1
48,96050.0,,34.0,6,9,IT,1
37,42738.0,16.0,44.0,14,1,IT,0
41,94231.0,17.0,37.0,4,3,IT,1
42,,31.0,57.0,6,3,HR,1
53,113301.0,37.0,45.0,13,7,IT,1
38,61662.0,22.0,59.0,4,5,HR,1
47,116297.0,,22.0,12,4,Sales,1
41,102234.0,34.0,41.0,8,2,IT,1
61,35123.0,38.0,45.0,11,7,Sales,1
59,45616.0,14.0,38.0,3,3,HR,0
47,,23.0,58.0,8,7,HR,1
39,110369.0,27.0,55.0,13,7,Sales,1
45,118878.0,15.0,40.0,2,2,IT,1
24,82013.0,15.0,,6,7,IT,1
52,51331.0,39.0,32.0,8,6,IT,0
45,66098.0,38.0,55.0,1,4,Sales,1
31,46128.0,5.0,43.0,6,5,HR,0
27,51556.0,1.0,45.0,9,8,Sales,1
33,107505.0,12.0,40.0,13,5,HR,1
33,41876.0,8.0,37.0,10,3,IT,0
48,28949.0,33.0,34.0,10,2,IT,0
59,71962.0,16.0,34.0,2,6,HR,1
42,,26.0,25.0,11,6,IT,1
30,91206.0,28.0,50.0,13,7,Sales,1
23,,36.0,47.0,1,8,HR,1
61,32716.0,21.0,27.0,2,4,IT,0
26,72611.0,23.0,48.0,5,8,IT,1
62,,6.0,40.0,6,1,IT,0
53,73144.0,33.0,36.0,1,6,IT,1
60,85220.0,11.0,43.0,7,6,HR,1
37,27837.0,,55.0,11,3,HR,0
35,69355.0,,50.0,4,9,IT,1
60,67299.0,32.0,53.0,9,5,Sales,1
38,39159.0,12.0,,6,1,Sales,0
21,71012.0,22.0,22.0,9,7,Sales,1
50,79305.0,37.0,49.0,1,3,Sales,1
44,107096.0,31.0,27.0,4,4,HR,1
24,37106.0,34.0,26.0,2,6,HR,0
23,78123.0,0.0,31.0,6,8,Sales,1
32,28720.0,4.0,38.0,4,4,HR,0
35,57661.0,,45.0,9,9,Sales,1
49,113898.0,4.0,47.0,14,8,IT,1
28,113794.0,31.0,34.0,3,6,IT,1
37,107318.0,20.0,33.0,1,7,Sales,1
41,41120.0,23.0,,11,8,HR,1
32,39790.0,17.0,22.0,13,2,Sales,0
24,78655.0,20.0,48.0,11,5,HR,1
38,79643.0,9.0,25.0,1,7,IT,1
59,113448.0,23.0,,12,8,HR,1
43,67374.0,39.0,47.0,9,5,Sales,1
61,,20.0,33.0,9,3,IT,1
31,70071.0,24.0,33.0,5,6,IT,1
54,54812.0,,39.0,2,5,HR,0
38,69570.0,21.0,32.0,9,8,IT,1
35,70901.0,3.0,46.0,13,9,IT,1
22,80186.0,33.0,54.0,12,9,HR,1
20,70251.0,5.0,21.0,13,6,IT,1
40,85171.0,27.0,59.0,8,4,Sales,1
43,56160.0,30.0,43.0,13,4,HR,0
54,39156.0,,48.0,11,9,HR,1
41,96208.0,38.0,22.0,10,4,HR,1
36,99980.0,22.0,23.0,10,8,HR,1
42,92320.0,5.0,21.0,6,9,Sales,1
38,37929.0,,39.0,7,5,HR,0
29,,1.0,34.0,12,6,Sales,1
58,108442.0,23.0,51.0,6,3,HR,1
50,82559.0,,20.0,5,5,HR,1
21,74205.0,0.0,57.0,4,5,IT,1
59,88475.0,5.0,54.0,7,2,IT,1
24,84341.0,4.0,26.0,4,6,Sales,1
39,115377.0,28.0,32.0,10,9,IT,1
50,62863.0,11.0,20.0,10,7,HR,1
34,101837.0,,33.0,10,8,Sales,1
41,85439.0,2.0,48.0,9,2,IT,1
51,27194.0,0.0,22.0,5,9,HR,1
45,91387.0,26.0,43.0,8,3,IT,1
60,101914.0,23.0,20.0,12,5,IT,1
58,86214.0,18.0,29.0,13,7,IT,1
56,116176.0,7.0,32.0,12,4,IT,1
39,119292.0,1.0,55.0,12,7,HR,1
34,,29.0,28.0,6,8,IT,1
51,46183.0,,33.0,4,4,Sales,0
23,47445.0,38.0,55.0,12,5,Sales,0
63,,31.0,29.0,3,3,IT,1
23,107201.0,0.0,59.0,11,5,Sales,1
51,,37.0,42.0,6,8,IT,1
18,41411.0,12.0,54.0,1,3,HR,0
27,70577.0,10.0,26.0,2,5,HR,1
38,35867.0,9.0,54.0,7,1,Sales,0
22,82501.0,25.0,21.0,4,2,Sales,1
19,34266.0,19.0,34.0,5,3,IT,0
39,59422.0,16.0,28.0,11,1,IT,0
19,55208.0,16.0,36.0,10,9,IT,1
27,51213.0,3.0,58.0,1,9,HR,1
51,,4.0,37.0,2,5,IT,0
33,99026.0,22.0,34.0,4,4,HR,1
56,55362.0,9.0,37.0,8,5,Sales,0
39,71588.0,27.0,43.0,10,4,HR,1
29,58285.0,32.0,42.0,4,5,Sales,0
41,94755.0,25.0,31.0,14,7,HR,1
64,91846.0,28.0,42.0,3,8,HR,1
57,56307.0,26.0,40.0,3,2,IT,0
55,115167.0,17.0,45.0,12,4,Sales,1
27,100280.0,39.0,27.0,5,8,HR,1
52,,9.0,49.0,3,7,HR,1
49,76523.0,4.0,53.0,8,9,Sales,1
24,104161.0,9.0,21.0,5,5,HR,1
38,26378.0,20.0,24.0,12,6,Sales,0
37,104685.0,23.0,50.0,14,8,Sales,1
43,96958.0,37.0,52.0,12,5,Sales,1
21,47926.0,2.0,23.0,14,9,HR,1
63,118707.0,39.0,25.0,7,4,HR,1
39,33180.0,30.0,42.0,11,8,IT,1
32,112837.0,36.0,38.0,8,3,Sales,1
57,56931.0,1.0,27.0,5,5,HR,0
38,44014.0,1.0,58.0,8,8,HR,1
32,116472.0,38.0,32.0,12,7,Sales,1
39,99872.0,33.0,20.0,3,1,Sales,1
45,78502.0,19.0,25.0,14,4,Sales,1
31,107736.0,32.0,26.0,12,2,IT,1
44,25470.0,3.0,46.0,7,2,IT,0
58,116395.0,10.0,34.0,8,7,IT,1
57,34953.0,4.0,53.0,7,3,Sales,0
45,58507.0,24.0,42.0,14,3,HR,0
43,112969.0,36.0,43.0,2,6,Sales,1
19,111493.0,33.0,34.0,8,6,HR,1
42,26523.0,8.0,54.0,6,1,IT,0
20,106923.0,,23.0,10,1,IT,1
25,77190.0,17.0,56.0,3,6,IT,1
61,67761.0,13.0,36.0,4,7,HR,1
50,51169.0,18.0,50.0,7,9,HR,1
59,65641.0,13.0,57.0,3,4,Sales,1
52,42990.0,39.0,29.0,1,6,Sales,0
23,49661.0,16.0,46.0,6,3,Sales,0
56,33419.0,34.0,25.0,3,4,IT,0
40,34457.0,28.0,25.0,11,9,Sales,1
42,87600.0,16.0,34.0,10,1,IT,1
60,96102.0,7.0,,6,5,HR,1
36,53085.0,0.0,59.0,10,7,IT,1
22,117064.0,35.0,26.0,12,3,IT,1
28,70654.0,6.0,45.0,3,2,IT,1
29,26130.0,4.0,50.0,6,2,HR,0
27,22042.0,,21.0,11,1,HR,0
25,90134.0,27.0,47.0,4,5,Sales,1
41,62982.0,16.0,,13,3,Sales,1
45,118422.0,36.0,37.0,4,7,Sales,1
58,85185.0,19.0,49.0,10,1,HR,1
53,53477.0,2.0,30.0,10,9,HR,1
54,72709.0,36.0,32.0,11,2,HR,1
38,48716.0,25.0,43.0,2,8,HR,1
25,98137.0,14.0,48.0,14,4,HR,1
26,56018.0,7.0,24.0,4,6,IT,0
64,28061.0,12.0,54.0,11,9,Sales,1
32,28609.0,2.0,38.0,12,7,IT,1
63,55371.0,0.0,32.0,4,8,Sales,1
57,103021.0,8.0,24.0,11,7,IT,1
35,40805.0,30.0,33.0,7,2,HR,0
59,27857.0,25.0,57.0,5,9,Sales,1
37,31620.0,16.0,41.0,8,1,IT,0
23,28177.0,33.0,28.0,7,2,Sales,0
29,50111.0,8.0,59.0,10,3,HR,0
19,108578.0,12.0,45.0,9,3,HR,1
24,104181.0,4.0,24.0,8,4,Sales,1
33,109941.0,12.0,48.0,9,5,Sales,1
20,31826.0,0.0,41.0,1,6,HR,0
62,33890.0,24.0,22.0,10,1,HR,0
20,102428.0,3.0,47.0,13,8,HR,1
44,78031.0,35.0,57.0,12,6,IT,1
60,95020.0,9.0,33.0,3,9,Sales,1
57,,27.0,33.0,5,5,HR,0
55,48481.0,5.0,30.0,9,7,Sales,1
50,31267.0,26.0,28.0,8,4,IT,0
45,26743.0,11.0,57.0,14,6,IT,0
18,74800.0,2.0,25.0,10,6,HR,1
25,68773.0,32.0,20.0,7,4,Sales,1
54,77042.0,9.0,44.0,2,6,IT,1
49,69476.0,30.0,35.0,11,8,Sales,1
60,112105.0,14.0,34.0,6,5,Sales,1
54,48552.0,6.0,53.0,4,2,HR,0
21,85242.0,35.0,36.0,5,9,IT,1
47,65772.0,,,14,4,IT,1
23,63730.0,13.0,,5,4,IT,1
63,48948.0,2.0,56.0,13,7,Sales,1
36,96311.0,2.0,36.0,4,6,IT,1
49,89093.0,21.0,57.0,4,4,IT,1
26,89123.0,18.0,20.0,4,6,Sales,1
29,36535.0,34.0,26.0,11,3,IT,0
28,86490.0,11.0,,2,7,IT,1
63,66562.0,4.0,58.0,1,6,Sales,1
33,109080.0,9.0,38.0,12,3,IT,1
18,78535.0,32.0,49.0,2,1,HR,1
62,118991.0,12.0,33.0,7,5,Sales,1
38,61269.0,34.0,32.0,12,2,IT,1
47,100674.0,31.0,39.0,1,7,HR,1
30,62462.0,10.0,45.0,6,7,Sales,1
51,23127.0,37.0,46.0,4,4,IT,0
21,43147.0,23.0,44.0,2,6,Sales,0
45,65528.0,34.0,28.0,3,1,HR,1
55,97095.0,18.0,31.0,7,2,Sales,1
48,88931.0,5.0,,6,6,IT,1
44,110925.0,39.0,25.0,6,2,HR,1
22,86381.0,34.0,53.0,8,4,Sales,1
42,119468.0,3.0,38.0,8,4,IT,1
20,83749.0,32.0,25.0,6,9,IT,1
50,58672.0,12.0,,1,7,HR,1
21,33731.0,35.0,34.0,10,7,HR,1
42,74512.0,18.0,36.0,13,1,Sales,1
37,118658.0,11.0,35.0,7,5,IT,1
51,71024.0,10.0,47.0,8,3,HR,1
43,23832.0,5.0,40.0,5,3,IT,0
22,52332.0,11.0,27.0,13,6,Sales,0
52,32467.0,26.0,29.0,11,4,HR,0
45,61025.0,24.0,29.0,4,8,Sales,1
46,33107.0,2.0,29.0,7,4,Sales,0
26,97994.0,2.0,28.0,12,8,HR,1
55,114202.0,19.0,47.0,12,4,Sales,1
23,63481.0,27.0,43.0,11,3,IT,1
36,22581.0,22.0,38.0,13,5,HR,0
61,95118.0,2.0,52.0,6,5,IT,1
28,71638.0,23.0,23.0,12,1,Sales,1
19,28418.0,39.0,22.0,6,8,HR,1
64,113627.0,5.0,,14,8,IT,1
61,49113.0,19.0,37.0,3,8,IT,1
61,104363.0,10.0,42.0,11,4,IT,1
26,83044.0,,39.0,10,9,IT,1
38,99955.0,26.0,25.0,4,3,IT,1
41,81030.0,20.0,53.0,5,7,Sales,1
51,31814.0,12.0,21.0,9,6,Sales,0
39,119340.0,21.0,49.0,8,9,Sales,1
20,30024.0,34.0,28.0,3,4,Sales,0
29,83288.0,21.0,46.0,6,4,Sales,1
45,77836.0,,53.0,10,6,Sales,1
47,27435.0,20.0,59.0,1,8,Sales,1
43,87084.0,17.0,43.0,3,3,IT,1
38,90601.0,30.0,36.0,10,8,Sales,1
45,108416.0,36.0,48.0,14,8,IT,1
43,23407.0,20.0,55.0,12,7,HR,1
50,118943.0,13.0,31.0,7,7,Sales,1
38,52940.0,24.0,50.0,7,5,IT,0
52,25666.0,26.0,28.0,2,2,HR,0
51,57122.0,39.0,38.0,3,2,HR,0
58,45092.0,22.0,36.0,7,8,IT,1
64,95645.0,30.0,21.0,12,6,IT,1
35,46505.0,28.0,59.0,6,8,IT,1
28,56713.0,29.0,24.0,13,3,Sales,0
40,74387.0,25.0,58.0,7,1,HR,1
39,63169.0,19.0,35.0,10,6,Sales,1
34,,37.0,36.0,9,2,Sales,1
22,97511.0,18.0,46.0,8,9,Sales,1
61,71742.0,26.0,26.0,6,5,HR,1
28,60522.0,24.0,,12,5,HR,1
47,101132.0,39.0,27.0,14,8,HR,1
32,119397.0,37.0,42.0,4,6,IT,1
44,,22.0,51.0,14,3,Sales,0
52,63454.0,28.0,37.0,13,9,IT,1
50,75711.0,14.0,57.0,10,4,IT,1
37,63539.0,2.0,31.0,9,4,Sales,1
33,88321.0,9.0,34.0,7,2,HR,1
51,107985.0,14.0,47.0,5,3,Sales,1
19,34799.0,15.0,57.0,2,4,IT,0
52,80102.0,16.0,50.0,9,7,HR,1
57,70726.0,18.0,28.0,14,3,HR,1
45,68784.0,10.0,27.0,7,8,IT,1
64,63333.0,4.0,38.0,9,8,HR,1
56,60828.0,4.0,27.0,11,2,HR,1
23,89526.0,13.0,53.0,9,4,Sales,1
26,74362.0,25.0,23.0,10,8,Sales,1
37,73997.0,7.0,50.0,5,1,IT,1
18,70341.0,4.0,57.0,7,1,IT,1
25,39073.0,6.0,22.0,5,4,IT,0
40,34549.0,15.0,54.0,3,2,HR,0
20,103795.0,13.0,38.0,10,1,IT,1
21,76920.0,,48.0,8,8,Sales,1
42,105326.0,3.0,,8,2,HR,1
64,95515.0,35.0,31.0,9,4,IT,1
55,40316.0,16.0,49.0,11,3,HR,0
32,46183.0,35.0,49.0,14,2,HR,0
38,113860.0,5.0,37.0,12,8,HR,1
52,44624.0,15.0,43.0,6,3,IT,0
63,82515.0,28.0,51.0,2,9,HR,1
31,105781.0,35.0,28.0,3,5,HR,1
53,66705.0,37.0,43.0,13,9,HR,1
29,109326.0,36.0,45.0,11,3,Sales,1
34,46756.0,9.0,,12,5,IT,0
56,80390.0,35.0,42.0,10,6,Sales,1
26,88369.0,28.0,30.0,11,9,HR,1
52,90821.0,13.0,29.0,6,8,HR,1
30,29589.0,,55.0,1,2,Sales,0
32,34116.0,35.0,32.0,14,2,HR,0
35,,12.0,48.0,2,5,Sales,1
50,64786.0,17.0,57.0,8,5,HR,1
23,114686.0,32.0,32.0,11,5,HR,1
44,96425.0,20.0,45.0,8,4,HR,1
40,50286.0,,39.0,6,8,HR,1
44,,,24.0,3,5,IT,0
51,110198.0,4.0,39.0,14,1,IT,1
63,46639.0,,33.0,2,5,IT,0
55,37205.0,,33.0,13,1,Sales,0
31,76677.0,2.0,27.0,6,4,Sales,1
53,52930.0,11.0,32.0,1,1,Sales,0
25,93313.0,35.0,43.0,14,6,Sales,1
52,113851.0,32.0,34.0,10,6,IT,1
36,112509.0,,20.0,6,1,Sales,1
47,38316.0,32.0,41.0,9,8,Sales,1
31,,30.0,53.0,7,4,Sales,0
37,116058.0,20.0,59.0,9,2,HR,1
42,107876.0,26.0,22.0,2,1,Sales,1
57,105366.0,26.0,45.0,11,3,HR,1
41,33403.0,7.0,33.0,14,7,Sales,1
31,100052.0,36.0,27.0,5,8,Sales,1
43,104627.0,31.0,35.0,9,5,HR,1
55,93495.0,25.0,40.0,7,7,Sales,1
40,51932.0,1.0,29.0,9,2,HR,0
39,,11.0,44.0,14,4,Sales,1
36,,21.0,57.0,11,6,Sales,0
63,23385.0,16.0,41.0,6,5,HR,0
20,119226.0,6.0,23.0,7,6,IT,1
59,77241.0,3.0,23.0,10,2,HR,1
36,30367.0,36.0,49.0,5,7,IT,1
26,85030.0,37.0,21.0,6,8,HR,1
45,66505.0,31.0,48.0,1,9,IT,1
37,,10.0,55.0,1,6,Sales,0
62,105178.0,0.0,40.0,2,7,IT,1
24,96325.0,24.0,40.0,11,1,Sales,1
31,55268.0,23.0,40.0,14,9,HR,1
26,106486.0,16.0,23.0,4,6,IT,1
36,,7.0,20.0,11,4,Sales,0
64,56404.0,26.0,45.0,9,9,HR,1
31,75182.0,,21.0,7,1,IT,1
55,52991.0,26.0,28.0,6,2,Sales,0
53,67663.0,21.0,,1,3,IT,1
57,85886.0,15.0,30.0,5,1,IT,1
34,103848.0,1.0,44.0,11,2,Sales,1
47,44127.0,4.0,45.0,12,2,Sales,0
26,77692.0,17.0,55.0,13,7,HR,1
50,114389.0,2.0,54.0,4,6,Sales,1
42,57500.0,26.0,57.0,5,9,Sales,1
31,,16.0,22.0,11,5,IT,0
28,104146.0,15.0,54.0,9,9,Sales,1
52,109126.0,5.0,59.0,12,9,IT,1
58,114979.0,6.0,41.0,3,2,IT,1
31,67997.0,13.0,27.0,4,9,Sales,1
47,27170.0,37.0,34.0,8,3,Sales,0
58,33303.0,39.0,26.0,3,3,Sales,0
21,91743.0,14.0,38.0,13,9,Sales,1
21,97852.0,32.0,59.0,3,7,HR,1
45,55187.0,26.0,36.0,13,8,IT,1
25,85034.0,28.0,20.0,9,7,HR,1
19,91776.0,,48.0,5,9,HR,1
58,21893.0,4.0,32.0,10,8,IT,1
63,33753.0,28.0,48.0,1,4,HR,0
39,58090.0,31.0,25.0,7,2,Sales,0
58,84922.0,5.0,24.0,7,5,Sales,1
33,96768.0,1.0,53.0,6,2,Sales,1
46,79412.0,5.0,30.0,6,4,Sales,1
47,76030.0,3.0,28.0,3,2,IT,1
29,37509.0,28.0,,3,5,Sales,0
52,88653.0,24.0,59.0,10,6,IT,1
28,56929.0,8.0,28.0,11,1,IT,0
63,68291.0,2.0,27.0,9,8,IT,1
38,24042.0,25.0,,1,2,IT,0
38,82574.0,26.0,22.0,7,5,HR,1
22,57201.0,35.0,32.0,13,8,HR,1
37,112282.0,31.0,38.0,12,5,Sales,1
54,34016.0,0.0,53.0,11,3,IT,0
20,45022.0,,,10,6,Sales,0
61,,10.0,35.0,7,1,Sales,0
50,63678.0,25.0,55.0,8,1,Sales,1
26,81720.0,39.0,37.0,6,8,Sales,1
26,76805.0,0.0,33.0,8,7,IT,1
21,94323.0,25.0,49.0,1,3,IT,1
52,,27.0,21.0,1,8,HR,1
34,96478.0,8.0,32.0,9,8,IT,1
51,102994.0,21.0,46.0,12,1,IT,1
41,32161.0,7.0,36.0,4,7,Sales,1
49,40689.0,26.0,50.0,3,2,IT,0
18,114699.0,38.0,34.0,6,2,Sales,1
25,80924.0,18.0,39.0,10,2,IT,1
62,119273.0,24.0,,12,5,HR,1
40,94308.0,37.0,26.0,13,7,Sales,1
64,83745.0,20.0,37.0,12,4,IT,1
57,21211.0,23.0,30.0,9,4,IT,0
29,20229.0,23.0,51.0,10,9,Sales,1
29,68542.0,18.0,46.0,11,9,HR,1
63,34345.0,1.0,45.0,4,7,HR,1
64,51819.0,13.0,56.0,9,4,IT,0
32,67779.0,31.0,47.0,5,8,IT,1
58,102421.0,31.0,21.0,13,3,IT,1
36,112244.0,27.0,39.0,7,3,Sales,1
43,85584.0,38.0,23.0,3,7,Sales,1
46,,39.0,32.0,3,9,Sales,1
39,35173.0,39.0,43.0,12,4,IT,0
57,78032.0,12.0,57.0,3,4,HR,1
38,119273.0,11.0,59.0,8,1,Sales,1
55,48036.0,7.0,48.0,14,1,HR,0
37,91356.0,14.0,55.0,6,3,IT,1
46,34292.0,25.0,21.0,9,7,Sales,1
21,23052.0,11.0,37.0,9,9,Sales,1
24,64377.0,26.0,27.0,8,4,Sales,1
45,109317.0,17.0,34.0,1,2,IT,1
45,87838.0,35.0,36.0,6,6,IT,1
21,87819.0,26.0,42.0,4,6,IT,1
39,35620.0,8.0,21.0,4,9,HR,1
29,50461.0,38.0,,3,4,HR,0
62,40750.0,0.0,48.0,12,8,Sales,1
20,,6.0,46.0,9,3,Sales,1
39,108719.0,25.0,56.0,2,2,IT,1
61,29472.0,6.0,53.0,1,9,IT,1
19,,6.0,37.0,14,6,IT,1
41,77602.0,7.0,29.0,10,8,Sales,1
51,,15.0,57.0,3,9,IT,1
44,,2.0,36.0,13,1,HR,0
58,599965.0,9.0,32.0,4,1,HR,1
18,29079.0,6.0,46.0,4,5,Sales,0
25,28399.0,20.0,21.0,6,9,Sales,1
40,80726.0,,53.0,1,7,HR,1
55,112906.0,30.0,50.0,1,7,IT,1
23,36532.0,22.0,42.0,2,2,Sales,0
39,102357.0,26.0,26.0,4,3,Sales,1
42,63162.0,21.0,57.0,7,4,Sales,1
35,23749.0,38.0,52.0,6,2,HR,0
34,31353.0,26.0,31.0,11,9,Sales,1
29,48477.0,3.0,31.0,9,5,HR,0
23,44570.0,23.0,38.0,7,7,HR,1
43,106373.0,22.0,28.0,12,9,IT,1
44,31437.0,18.0,29.0,5,5,IT,0
25,58104.0,2.0,36.0,6,6,IT,0
36,83370.0,26.0,59.0,10,4,Sales,1
59,24551.0,2.0,58.0,9,8,HR,1
18,88359.0,27.0,29.0,1,1,Sales,1
46,74880.0,,31.0,11,1,HR,1
62,,30.0,,9,5,Sales,0
52,100703.0,9.0,50.0,6,9,HR,1
57,61445.0,21.0,34.0,12,2,IT,1
31,67636.0,29.0,47.0,4,3,IT,1
52,93927.0,20.0,23.0,12,8,Sales,1
62,98194.0,35.0,55.0,5,5,HR,1
37,49685.0,,20.0,13,3,IT,0
30,71134.0,,,1,6,HR,1
55,108916.0,11.0,36.0,7,6,Sales,1
63,114455.0,24.0,58.0,13,5,IT,1
25,87847.0,19.0,57.0,13,5,Sales,1
60,59993.0,6.0,52.0,8,6,Sales,0
37,64333.0,28.0,40.0,11,2,HR,1
50,78865.0,28.0,45.0,5,6,Sales,1
43,99096.0,12.0,55.0,2,2,Sales,1
56,69756.0,2.0,24.0,8,3,HR,1
38,,1.0,52.0,10,2,HR,1
59,80686.0,15.0,,7,1,Sales,1
60,68733.0,29.0,25.0,10,1,IT,1
58,45993.0,37.0,56.0,9,9,IT,1
26,50492.0,5.0,21.0,4,4,HR,0
41,40981.0,6.0,24.0,11,5,Sales,0
54,44143.0,4.0,45.0,9,7,IT,1
58,97603.0,6.0,32.0,4,2,HR,1
34,109452.0,33.0,31.0,3,9,HR,1
41,,31.0,,11,4,HR,1
38,69990.0,12.0,21.0,3,1,Sales,1
56,82888.0,29.0,23.0,10,8,HR,1
58,89351.0,24.0,46.0,2,4,IT,1
56,117372.0,20.0,,10,7,Sales,1
30,69999.0,20.0,32.0,3,3,IT,1
28,90309.0,27.0,21.0,14,9,IT,1
63,32446.0,19.0,45.0,8,5,IT,0
36,50733.0,33.0,34.0,11,5,Sales,0
28,96000.0,4.0,29.0,8,3,IT,1
30,68632.0,,41.0,2,9,HR,1
63,41576.0,38.0,59.0,11,3,HR,0
62,23320.0,10.0,44.0,2,2,IT,0
18,30750.0,16.0,34.0,2,9,HR,1
57,73463.0,21.0,32.0,10,9,Sales,1
61,46572.0,36.0,27.0,7,4,Sales,0
36,37948.0,19.0,40.0,6,4,HR,0
29,58826.0,5.0,40.0,12,6,HR,0
25,109051.0,33.0,41.0,11,9,Sales,1
25,47867.0,13.0,52.0,1,8,IT,1
62,80231.0,22.0,46.0,2,3,Sales,1
29,86262.0,19.0,59.0,14,6,IT,1
50,111356.0,12.0,41.0,1,7,HR,1
62,92233.0,31.0,49.0,12,6,HR,1
43,64678.0,25.0,28.0,11,3,IT,1
56,32963.0,13.0,54.0,7,9,IT,1
45,84360.0,35.0,37.0,6,4,Sales,1
22,69434.0,7.0,24.0,2,2,IT,1
25,86617.0,39.0,46.0,2,9,HR,1
42,40269.0,21.0,25.0,2,3,HR,0
44,96312.0,21.0,51.0,8,6,HR,1
63,117352.0,15.0,27.0,14,5,IT,1
40,99732.0,26.0,58.0,7,2,IT,1
47,101494.0,,40.0,1,1,HR,1
62,108905.0,24.0,37.0,4,9,IT,1
64,97225.0,30.0,33.0,11,3,Sales,1
40,102867.0,20.0,34.0,4,7,Sales,1
64,57528.0,26.0,45.0,7,9,IT,1
37,98972.0,16.0,51.0,2,9,IT,1
35,85602.0,32.0,58.0,4,6,HR,1
35,116261.0,30.0,47.0,1,8,IT,1
19,110748.0,25.0,58.0,13,9,HR,1
21,53332.0,20.0,51.0,13,3,Sales,0
47,110937.0,35.0,32.0,11,6,IT,1
50,98929.0,0.0,34.0,11,5,Sales,1
53,89206.0,3.0,,4,7,IT,1
35,111137.0,,58.0,11,7,IT,1
54,22251.0,25.0,25.0,14,9,HR,1
36,65717.0,3.0,30.0,1,1,HR,1
64,119108.0,8.0,51.0,2,6,IT,1
45,47027.0,29.0,59.0,2,5,IT,0
57,117382.0,3.0,39.0,12,4,HR,1
37,106551.0,4.0,52.0,10,1,Sales,1
50,29583.0,22.0,59.0,12,4,IT,0
29,70387.0,15.0,,3,7,HR,1
32,43104.0,21.0,54.0,8,4,IT,0
58,,36.0,24.0,11,1,HR,0
56,80624.0,7.0,54.0,6,1,Sales,1
19,76058.0,32.0,33.0,6,1,IT,1
46,116372.0,37.0,,9,5,IT,1
58,49299.0,15.0,43.0,8,7,Sales,1
27,98572.0,4.0,36.0,2,9,IT,1
19,105469.0,15.0,37.0,6,8,IT,1
28,97928.0,6.0,53.0,1,2,IT,1
30,93474.0,0.0,31.0,13,9,HR,1
27,24141.0,8.0,35.0,14,4,HR,0
31,43350.0,17.0,23.0,9,5,IT,0
35,95082.0,2.0,44.0,4,5,Sales,1
26,90871.0,23.0,53.0,4,4,Sales,1
56,25077.0,27.0,47.0,9,6,IT,0
45,66015.0,9.0,30.0,3,1,HR,1
20,91147.0,8.0,32.0,5,2,HR,1
37,79180.0,12.0,50.0,1,4,IT,1
23,60857.0,34.0,44.0,6,4,HR,1
44,79840.0,22.0,58.0,3,8,HR,1
19,79902.0,16.0,29.0,1,9,Sales,1
46,,6.0,43.0,10,4,IT,0
55,40002.0,15.0,20.0,6,6,HR,0
20,70711.0,39.0,44.0,14,4,HR,1
33,59451.0,35.0,47.0,12,4,HR,0
47,119811.0,19.0,55.0,10,9,IT,1
57,69103.0,23.0,37.0,2,4,IT,1
19,48647.0,4.0,25.0,8,6,HR,0
34,54831.0,5.0,21.0,14,9,Sales,1
58,116498.0,27.0,22.0,13,3,Sales,1
29,115119.0,,27.0,11,7,IT,1
52,86830.0,38.0,50.0,12,7,Sales,1
60,100632.0,,38.0,2,1,HR,1
18,56833.0,1.0,25.0,4,2,IT,0
62,112864.0,38.0,33.0,14,5,IT,1
32,44398.0,,22.0,3,8,Sales,1
43,81554.0,39.0,20.0,9,6,IT,1
54,70755.0,36.0,49.0,2,7,Sales,1
38,37706.0,17.0,38.0,3,3,Sales,0
48,42340.0,11.0,38.0,7,6,HR,0
42,84994.0,16.0,28.0,4,9,Sales,1
40,83884.0,36.0,26.0,6,3,Sales,1
41,104361.0,37.0,56.0,3,6,IT,1
55,37482.0,14.0,26.0,1,7,HR,1
45,74225.0,6.0,,11,5,HR,1
38,78849.0,13.0,23.0,6,8,Sales,1
60,94854.0,0.0,44.0,4,8,IT,1
35,61256.0,37.0,31.0,2,6,IT,1
53,101110.0,2.0,25.0,7,7,IT,1
52,34650.0,36.0,37.0,10,3,HR,0
62,,30.0,59.0,13,7,HR,1
26,48930.0,12.0,40.0,12,7,Sales,1
55,105707.0,17.0,34.0,13,4,Sales,1
47,31801.0,16.0,22.0,5,4,IT,0
61,71360.0,16.0,21.0,6,3,Sales,1
51,107908.0,10.0,59.0,6,7,IT,1
49,36559.0,19.0,23.0,14,5,HR,0
20,52334.0,9.0,51.0,9,3,Sales,0
20,33288.0,28.0,21.0,12,6,IT,0
45,,33.0,48.0,2,6,HR,0
61,96230.0,16.0,21.0,12,6,IT,1
32,32191.0,12.0,53.0,6,2,Sales,0
58,38051.0,38.0,46.0,9,7,IT,1
40,81715.0,26.0,58.0,12,7,HR,1
57,30737.0,25.0,57.0,4,4,Sales,0
28,85140.0,27.0,37.0,13,6,HR,1
49,,12.0,55.0,12,4,Sales,0
53,70975.0,11.0,38.0,13,4,IT,1
50,25147.0,27.0,46.0,13,6,HR,0
41,70508.0,1.0,39.0,11,9,HR,1
56,72224.0,36.0,40.0,6,7,IT,1
51,39643.0,33.0,42.0,7,2,HR,0
45,58967.0,22.0,49.0,1,6,HR,0
54,118850.0,28.0,44.0,5,5,HR,1
24,60733.0,34.0,50.0,4,6,HR,1
21,104003.0,10.0,,13,8,IT,1
54,54808.0,32.0,53.0,13,8,HR,1
18,87288.0,10.0,27.0,13,3,HR,1
18,78959.0,8.0,38.0,10,9,HR,1
64,21849.0,13.0,45.0,2,6,Sales,0
37,88178.0,8.0,47.0,2,7,Sales,1
36,87136.0,38.0,23.0,2,9,IT,1
46,80740.0,2.0,50.0,7,7,IT,1
27,106322.0,28.0,35.0,11,9,IT,1
35,64565.0,18.0,29.0,13,1,HR,1
45,40183.0,35.0,57.0,11,1,Sales,0
52,21132.0,,29.0,4,3,Sales,0
60,58259.0,6.0,28.0,6,9,IT,1
64,116612.0,27.0,58.0,7,1,Sales,1
48,83668.0,17.0,55.0,9,1,IT,1
44,58563.0,4.0,55.0,11,5,HR,0
28,112227.0,22.0,38.0,2,8,Sales,1
55,30931.0,21.0,38.0,10,2,HR,0
22,93169.0,25.0,31.0,12,4,HR,1
25,,11.0,32.0,13,6,Sales,1
51,78901.0,39.0,44.0,9,1,IT,1
29,21044.0,18.0,55.0,11,4,Sales,0
55,66691.0,,44.0,5,4,HR,1
18,44363.0,2.0,47.0,13,9,IT,1
48,66694.0,26.0,58.0,6,9,HR,1
21,21582.0,17.0,49.0,6,6,IT,0
62,99910.0,29.0,24.0,11,8,Sales,1
22,86844.0,1.0,36.0,3,4,HR,1
47,41301.0,4.0,37.0,11,8,IT,1
41,94329.0,28.0,40.0,11,3,IT,1
20,21620.0,32.0,41.0,10,2,Sales,0
28,,19.0,58.0,7,6,IT,1
62,76655.0,,25.0,13,5,IT,1
21,115419.0,4.0,35.0,7,8,HR,1
43,,20.0,21.0,8,1,Sales,0
44,59390.0,14.0,20.0,5,3,Sales,0
63,91629.0,19.0,49.0,2,7,HR,1
60,75856.0,,56.0,13,4,HR,1
44,69252.0,30.0,42.0,3,5,HR,1
59,75809.0,11.0,20.0,9,8,IT,1
23,42259.0,20.0,38.0,6,1,Sales,0
32,40655.0,29.0,22.0,8,1,Sales,0
47,53005.0,26.0,21.0,8,7,Sales,1
59,51629.0,25.0,56.0,14,9,IT,1
54,43610.0,32.0,36.0,5,4,Sales,0
54,77184.0,25.0,47.0,1,8,Sales,1
59,41602.0,25.0,37.0,6,7,Sales,1
54,105945.0,35.0,52.0,7,2,Sales,1
52,31110.0,39.0,34.0,9,5,HR,0
40,26073.0,0.0,41.0,2,9,IT,1
23,100818.0,14.0,46.0,12,9,Sales,1
21,30195.0,0.0,56.0,13,3,Sales,0
35,21537.0,10.0,51.0,2,3,Sales,0
26,,1.0,38.0,10,2,Sales,0
46,64328.0,0.0,47.0,1,7,Sales,1
30,66202.0,30.0,47.0,5,6,HR,1
64,60164.0,15.0,29.0,2,5,HR,1
34,109743.0,21.0,39.0,3,7,IT,1
62,,17.0,44.0,2,4,IT,1
49,106155.0,16.0,40.0,11,5,Sales,1
39,69692.0,29.0,33.0,4,9,Sales,1
21,44845.0,9.0,41.0,11,9,HR,1
22,109846.0,34.0,45.0,3,4,IT,1
54,,,30.0,9,6,Sales,0
58,48036.0,15.0,26.0,10,2,Sales,0
30,80752.0,5.0,36.0,12,3,Sales,1
51,94233.0,2.0,37.0,2,9,IT,1
62,103049.0,20.0,26.0,7,6,HR,1
39,88681.0,12.0,39.0,11,8,HR,1
40,47818.0,17.0,57.0,14,5,Sales,0
20,50544.0,23.0,30.0,3,2,Sales,0
59,82532.0,26.0,35.0,10,7,Sales,1
51,98636.0,3.0,46.0,8,6,Sales,1
49,77705.0,21.0,30.0,4,2,Sales,1
62,40104.0,23.0,,14,6,IT,0
38,89603.0,39.0,42.0,4,8,HR,1
63,79025.0,9.0,31.0,9,1,IT,1
61,116264.0,1.0,59.0,11,4,IT,1
38,52317.0,39.0,22.0,3,1,Sales,0
61,51416.0,5.0,21.0,7,2,IT,0
28,599965.0,17.0,57.0,1,1,HR,1
56,88045.0,16.0,43.0,7,6,Sales,1
21,41400.0,,48.0,10,6,HR,0
18,68270.0,22.0,,11,1,IT,1
45,,29.0,39.0,2,4,Sales,1
41,69833.0,20.0,37.0,12,4,HR,1
52,83644.0,9.0,33.0,14,8,HR,1
30,100206.0,12.0,37.0,14,6,Sales,1
64,89468.0,11.0,21.0,6,2,HR,1
51,79473.0,8.0,20.0,13,5,Sales,1
28,65809.0,3.0,39.0,9,4,Sales,1
53,58328.0,38.0,53.0,6,4,IT,0
34,56784.0,23.0,30.0,3,8,HR,1
52,43723.0,33.0,46.0,1,5,Sales,0
35,599965.0,38.0,42.0,12,3,IT,1
57,86255.0,4.0,57.0,12,4,IT,1
39,20074.0,14.0,22.0,4,1,Sales,0
41,46498.0,3.0,31.0,4,6,Sales,0
36,,38.0,49.0,13,4,HR,1
54,116881.0,7.0,50.0,8,6,HR,1
56,40541.0,23.0,42.0,10,2,HR,0
38,65929.0,27.0,20.0,10,5,Sales,1
25,46028.0,26.0,39.0,14,9,IT,1
45,49545.0,0.0,25.0,13,8,IT,1
22,99569.0,33.0,30.0,7,3,Sales,1
34,51673.0,16.0,54.0,10,1,HR,0
54,50974.0,,23.0,7,3,IT,0
53,,37.0,48.0,7,8,IT,1
36,43097.0,25.0,29.0,12,3,HR,0
44,113144.0,,48.0,2,5,IT,1
51,84824.0,38.0,57.0,9,2,HR,1
28,43525.0,20.0,20.0,6,1,IT,0
62,77804.0,29.0,59.0,2,5,IT,1
64,35043.0,12.0,27.0,1,5,IT,0
29,61846.0,36.0,57.0,11,6,HR,1
38,97261.0,,36.0,1,2,IT,1
28,70227.0,31.0,38.0,1,9,IT,1
56,73028.0,34.0,52.0,4,2,IT,1
45,,18.0,34.0,4,2,Sales,0
22,49483.0,13.0,50.0,14,5,IT,0
34,27265.0,21.0,,12,9,IT,1
37,42763.0,16.0,22.0,9,4,HR,0
58,95652.0,3.0,21.0,13,6,HR,1
63,35733.0,39.0,54.0,12,2,Sales,0
29,111038.0,18.0,35.0,12,4,HR,1
23,,36.0,40.0,1,9,HR,1
34,29247.0,1.0,31.0,3,2,HR,0
36,599965.0,14.0,47.0,3,1,Sales,0
43,85149.0,1.0,31.0,8,4,Sales,1
61,41058.0,10.0,52.0,2,4,IT,0
61,,22.0,39.0,6,1,IT,0
49,104171.0,9.0,59.0,11,4,HR,1
23,111164.0,2.0,,4,3,IT,1
53,51362.0,4.0,58.0,13,2,IT,0
55,106489.0,2.0,55.0,10,4,Sales,1
28,104664.0,37.0,41.0,6,8,Sales,1
50,67356.0,12.0,45.0,13,7,IT,1
41,97597.0,18.0,26.0,5,9,IT,1
40,26041.0,39.0,26.0,12,8,IT,1
32,98209.0,34.0,27.0,9,1,HR,1
44,81954.0,,45.0,9,2,Sales,1
28,81869.0,23.0,43.0,1,2,IT,1
34,41059.0,16.0,43.0,3,8,IT,1
31,119864.0,39.0,59.0,1,4,HR,1
44,64722.0,9.0,31.0,6,9,Sales,1
35,37548.0,1.0,,12,2,HR,0
45,35078.0,22.0,28.0,3,4,HR,0
64,25419.0,5.0,22.0,14,1,IT,0
64,55490.0,1.0,40.0,1,3,HR,0
21,96086.0,20.0,50.0,6,6,HR,1
24,78760.0,34.0,43.0,5,9,IT,1
62,50337.0,28.0,23.0,12,1,Sales,0
52,21468.0,6.0,39.0,12,5,IT,0
26,44309.0,28.0,35.0,8,2,Sales,0
25,86344.0,36.0,29.0,14,7,HR,1
62,110283.0,22.0,45.0,2,4,HR,1
34,92255.0,,48.0,8,5,IT,1
34,101899.0,7.0,24.0,12,8,IT,1
50,,11.0,30.0,5,2,IT,0
49,114337.0,9.0,,8,3,HR,1
25,57841.0,14.0,34.0,12,5,HR,0
36,599965.0,23.0,25.0,10,4,Sales,1
55,103565.0,25.0,34.0,4,5,IT,1
20,66660.0,38.0,39.0,4,3,HR,1
22,,2.0,53.0,10,9,Sales,1
30,20767.0,1.0,21.0,4,8,IT,1
64,23895.0,5.0,35.0,14,6,IT,0
63,78026.0,20.0,38.0,11,1,Sales,1
48,62968.0,8.0,53.0,6,4,Sales,1
33,,9.0,33.0,4,7,Sales,1
49,35332.0,35.0,43.0,9,5,HR,0
39,34621.0,2.0,47.0,9,4,IT,0
46,96870.0,23.0,51.0,3,9,IT,1
39,38174.0,21.0,56.0,7,8,Sales,1
60,119189.0,13.0,29.0,12,3,HR,1
20,60502.0,,28.0,5,6,Sales,1
27,56674.0,32.0,43.0,12,4,HR,0
59,57260.0,21.0,55.0,9,7,IT,1
38,62498.0,,48.0,2,1,IT,1
33,87609.0,18.0,48.0,3,1,HR,1
29,69464.0,18.0,42.0,10,6,IT,1
19,91805.0,5.0,46.0,5,7,IT,1
58,84919.0,18.0,50.0,12,9,Sales,1
41,74469.0,12.0,26.0,5,7,HR,1
52,37194.0,25.0,23.0,10,9,IT,1
47,46811.0,21.0,33.0,12,9,IT,1
47,92377.0,20.0,29.0,14,8,HR,1
64,63723.0,35.0,53.0,14,7,IT,1
52,,1.0,45.0,7,3,HR,1
36,96298.0,29.0,42.0,13,3,HR,1
25,79238.0,26.0,28.0,14,5,Sales,1
43,22147.0,6.0,56.0,8,7,HR,1
57,118919.0,19.0,27.0,8,7,Sales,1
24,119251.0,30.0,,14,1,IT,1
47,58445.0,22.0,26.0,1,8,HR,1
24,73803.0,,26.0,14,1,Sales,1
20,81108.0,16.0,28.0,1,4,HR,1
18,22013.0,3.0,,3,2,IT,0
53,105617.0,13.0,33.0,1,5,Sales,1
42,102410.0,19.0,36.0,1,6,Sales,1
54,73502.0,12.0,41.0,10,4,Sales,1
18,57755.0,2.0,45.0,8,4,IT,0
32,28733.0,25.0,47.0,1,7,Sales,1
54,29479.0,25.0,33.0,9,4,IT,0
30,,17.0,28.0,2,2,IT,1
57,41304.0,31.0,45.0,9,4,HR,0
25,55694.0,13.0,21.0,14,7,IT,1
22,101171.0,2.0,30.0,7,1,Sales,1
26,599965.0,0.0,36.0,9,4,Sales,1
18,29490.0,25.0,53.0,3,6,IT,0
53,41252.0,23.0,38.0,1,8,IT,1
52,26862.0,34.0,58.0,1,8,HR,1
19,89959.0,13.0,37.0,11,9,HR,1
57,30450.0,2.0,32.0,10,5,Sales,0
40,76022.0,12.0,,6,2,IT,1
26,81991.0,13.0,42.0,7,3,Sales,1
51,60927.0,20.0,43.0,9,2,IT,1
63,108090.0,25.0,48.0,6,9,Sales,1
31,69853.0,2.0,,5,6,Sales,1
21,51826.0,39.0,45.0,14,1,Sales,0
47,62879.0,3.0,34.0,2,3,IT,1
48,77265.0,35.0,20.0,2,7,HR,1
55,92361.0,0.0,,8,7,HR,1
28,97990.0,39.0,33.0,1,5,IT,1
52,109787.0,32.0,53.0,8,3,HR,1
25,106184.0,,50.0,11,7,Sales,1
20,60736.0,10.0,25.0,10,5,IT,1
31,44530.0,26.0,24.0,11,6,IT,0
30,98052.0,13.0,50.0,7,3,HR,1
62,67058.0,21.0,56.0,7,6,HR,1
49,94094.0,15.0,34.0,5,7,Sales,1
51,94255.0,11.0,34.0,3,8,IT,1
62,24886.0,9.0,24.0,7,2,HR,0
36,113721.0,23.0,47.0,7,2,IT,1
55,57387.0,17.0,52.0,7,6,Sales,0
33,41575.0,21.0,30.0,12,8,Sales,1
19,59643.0,8.0,25.0,11,5,Sales,0
57,30100.0,16.0,42.0,2,1,IT,0
34,80356.0,37.0,59.0,3,1,IT,1
51,27856.0,39.0,21.0,3,9,IT,1
59,58169.0,12.0,34.0,4,4,IT,0
33,48804.0,36.0,42.0,12,1,IT,0
55,55790.0,5.0,41.0,9,8,Sales,1
19,50988.0,20.0,28.0,10,2,Sales,0
19,96448.0,35.0,59.0,1,2,Sales,1
43,58506.0,6.0,49.0,12,1,HR,0
30,107904.0,35.0,35.0,7,1,Sales,1
64,87306.0,24.0,49.0,7,9,IT,1
48,32305.0,,28.0,11,1,Sales,0
51,29969.0,,20.0,4,6,HR,0
56,,28.0,57.0,13,7,HR,1
20,28989.0,9.0,27.0,11,4,HR,0
25,85305.0,4.0,37.0,1,5,HR,1
40,55983.0,7.0,46.0,3,4,HR,0
31,599965.0,4.0,37.0,5,4,IT,0
44,39360.0,23.0,51.0,12,1,Sales,0
46,105657.0,39.0,51.0,2,6,IT,1
56,46287.0,,55.0,7,7,IT,1
56,85472.0,5.0,,14,7,HR,1
18,81313.0,15.0,40.0,10,8,Sales,1
34,54160.0,35.0,51.0,10,7,Sales,1
58,26789.0,11.0,50.0,7,6,Sales,0
47,47181.0,10.0,56.0,12,8,HR,1
30,34385.0,2.0,35.0,10,3,IT,0
38,102597.0,36.0,33.0,5,9,Sales,1
36,85641.0,5.0,43.0,12,3,IT,1
36,64247.0,18.0,44.0,10,4,Sales,1
42,106673.0,17.0,54.0,6,6,Sales,1
39,599965.0,15.0,36.0,1,8,Sales,1
48,33275.0,22.0,23.0,4,3,Sales,0
34,83248.0,36.0,30.0,4,6,HR,1
40,54550.0,8.0,34.0,11,5,HR,0
49,73693.0,2.0,,8,5,IT,1
27,,,43.0,2,5,HR,0
27,91749.0,37.0,21.0,1,9,Sales,1
53,100021.0,,53.0,7,7,IT,1
25,35605.0,11.0,42.0,6,9,IT,1
37,70713.0,30.0,50.0,5,9,IT,1
49,40390.0,24.0,56.0,12,6,Sales,0
31,95403.0,15.0,32.0,13,6,Sales,1
45,78466.0,13.0,52.0,13,4,IT,1
63,23981.0,12.0,26.0,13,8,HR,1
41,29493.0,6.0,51.0,8,2,Sales,0
32,91218.0,11.0,26.0,11,5,Sales,1
39,91318.0,36.0,57.0,13,1,HR,1
47,115335.0,3.0,32.0,2,2,IT,1
21,36984.0,1.0,43.0,2,1,HR,0
30,42760.0,34.0,47.0,9,6,Sales,0
40,111529.0,2.0,51.0,1,2,IT,1
25,21524.0,3.0,,6,4,IT,0
35,69402.0,37.0,53.0,13,5,HR,1
29,111656.0,11.0,53.0,13,7,Sales,1
48,85614.0,18.0,57.0,3,1,Sales,1
31,,9.0,20.0,13,5,IT,0
51,111009.0,0.0,50.0,5,4,Sales,1
35,59832.0,16.0,20.0,8,7,IT,1
51,65836.0,15.0,35.0,7,7,IT,1
28,93953.0,8.0,58.0,13,8,IT,1
58,33362.0,8.0,34.0,12,4,Sales,0
29,86745.0,8.0,52.0,4,4,HR,1
32,57921.0,11.0,42.0,8,5,IT,0
48,90434.0,14.0,53.0,11,5,HR,1
46,38562.0,1.0,36.0,11,3,HR,0
43,84510.0,10.0,44.0,10,5,HR,1
35,96407.0,10.0,25.0,11,5,HR,1
49,27610.0,7.0,50.0,14,8,HR,1
39,112918.0,,24.0,2,7,IT,1
55,35791.0,5.0,59.0,7,8,Sales,1
34,78047.0,19.0,59.0,5,5,HR,1
40,,38.0,49.0,11,2,Sales,1
41,39665.0,34.0,24.0,6,8,Sales,1
25,90246.0,7.0,31.0,3,9,IT,1
58,85864.0,33.0,26.0,11,2,HR,1
23,66451.0,18.0,32.0,10,1,Sales,1
22,106148.0,6.0,23.0,7,6,Sales,1
61,65890.0,30.0,22.0,7,3,HR,1
46,26794.0,17.0,31.0,2,1,IT,0
45,52888.0,39.0,20.0,1,6,IT,0
28,26749.0,13.0,46.0,10,8,HR,1
18,66531.0,38.0,32.0,2,9,Sales,1
60,40608.0,35.0,36.0,12,6,IT,0
36,100986.0,16.0,27.0,8,6,IT,1
26,89211.0,36.0,51.0,11,1,Sales,1
44,103996.0,8.0,39.0,10,5,Sales,1
51,76017.0,19.0,36.0,3,3,Sales,1
61,77676.0,27.0,53.0,11,7,Sales,1
21,31560.0,19.0,54.0,4,9,HR,1
53,74401.0,,54.0,8,6,Sales,1
35,70468.0,26.0,57.0,3,5,IT,1
32,52463.0,7.0,43.0,6,7,Sales,1
30,51663.0,31.0,37.0,2,9,Sales,1
36,88706.0,0.0,58.0,3,5,HR,1
23,78773.0,16.0,52.0,1,5,HR,1
29,53123.0,8.0,42.0,9,4,Sales,0
54,114346.0,19.0,44.0,4,5,HR,1
34,29718.0,31.0,56.0,6,7,HR,1
40,82637.0,1.0,46.0,7,3,HR,1
43,20028.0,31.0,20.0,2,4,HR,0
46,82370.0,8.0,40.0,8,9,Sales,1
50,67599.0,29.0,29.0,12,2,HR,1
44,37397.0,19.0,50.0,9,8,HR,1
42,65406.0,37.0,,14,9,IT,1
27,67657.0,0.0,,10,5,Sales,1
64,87560.0,4.0,21.0,11,7,HR,1
40,33503.0,34.0,,2,6,IT,0
38,74943.0,35.0,47.0,5,1,HR,1
38,95839.0,0.0,32.0,2,8,Sales,1
60,102674.0,13.0,33.0,11,9,IT,1
30,45345.0,8.0,21.0,5,1,IT,0
54,70390.0,29.0,53.0,7,8,Sales,1
50,115041.0,23.0,54.0,6,3,IT,1
41,79557.0,3.0,56.0,4,6,IT,1
61,85054.0,13.0,,14,8,HR,1
28,21906.0,24.0,34.0,2,5,IT,0
34,60167.0,3.0,31.0,7,8,Sales,1
21,27961.0,24.0,28.0,12,7,HR,1
64,46140.0,9.0,50.0,10,7,IT,1
42,78701.0,34.0,33.0,9,7,HR,1
47,97567.0,6.0,48.0,1,9,Sales,1
26,100664.0,12.0,57.0,3,6,IT,1
38,101199.0,3.0,27.0,7,6,Sales,1
37,119764.0,35.0,22.0,14,9,Sales,1
36,101218.0,13.0,21.0,9,6,IT,1
36,100729.0,17.0,35.0,13,7,IT,1
29,48561.0,7.0,38.0,5,7,HR,1
54,70568.0,31.0,,7,2,Sales,1
59,93302.0,26.0,35.0,10,8,IT,1
34,115380.0,36.0,50.0,7,6,Sales,1
54,114968.0,22.0,47.0,4,4,IT,1
56,49504.0,,,5,7,Sales,1
45,57146.0,11.0,29.0,2,8,HR,1
58,60297.0,24.0,37.0,8,1,Sales,1
52,106394.0,2.0,51.0,12,4,IT,1
64,88607.0,25.0,49.0,1,4,HR,1
35,36939.0,3.0,55.0,2,9,HR,1
31,110467.0,35.0,28.0,12,6,IT,1
52,599965.0,14.0,55.0,3,4,HR,1
61,64460.0,31.0,,7,1,Sales,1
58,86576.0,28.0,35.0,6,8,Sales,1
24,88222.0,9.0,47.0,14,9,IT,1
58,32666.0,20.0,40.0,7,5,Sales,0
30,82119.0,15.0,21.0,11,5,IT,1
35,,18.0,54.0,5,8,HR,1
54,21779.0,28.0,47.0,14,8,Sales,1
30,33186.0,17.0,55.0,4,5,IT,0
53,36459.0,15.0,50.0,7,4,Sales,0
48,106246.0,0.0,52.0,3,6,HR,1
19,107755.0,1.0,42.0,13,5,HR,1
33,25057.0,14.0,36.0,10,8,Sales,1
26,80663.0,38.0,20.0,7,9,HR,1
26,38733.0,27.0,42.0,2,1,IT,0
55,39157.0,0.0,46.0,12,9,Sales,1
28,55030.0,4.0,44.0,12,9,Sales,1
39,39613.0,21.0,51.0,8,6,HR,0
50,103028.0,35.0,38.0,12,5,IT,1
53,106282.0,12.0,43.0,6,7,Sales,1
62,25188.0,0.0,22.0,12,8,Sales,1
40,49680.0,15.0,31.0,3,9,HR,1
62,80119.0,21.0,54.0,3,9,HR,1
62,94400.0,31.0,34.0,5,3,IT,1
51,75718.0,15.0,36.0,3,8,IT,1
26,56445.0,14.0,51.0,6,1,HR,0
41,25796.0,11.0,26.0,2,7,IT,1
25,,0.0,38.0,8,5,HR,1
24,59131.0,16.0,26.0,13,2,Sales,0
53,28123.0,27.0,24.0,11,2,HR,0
35,28222.0,6.0,59.0,12,8,HR,1
20,44074.0,8.0,40.0,11,5,HR,0
45,49825.0,21.0,26.0,9,3,Sales,0
23,56839.0,25.0,56.0,13,1,IT,0
61,88322.0,11.0,42.0,7,7,IT,1
61,76321.0,6.0,,14,3,IT,1
38,119174.0,14.0,29.0,3,7,HR,1
45,45988.0,37.0,40.0,11,2,HR,0
57,55507.0,20.0,52.0,14,4,IT,0
18,119244.0,13.0,39.0,10,2,Sales,1
53,,1.0,52.0,4,4,Sales,1
38,115251.0,7.0,59.0,12,5,Sales,1
60,43806.0,5.0,,10,8,Sales,1
52,56901.0,36.0,53.0,2,2,HR,0
30,37043.0,36.0,55.0,9,3,IT,0
27,95761.0,32.0,46.0,14,5,Sales,1
61,29752.0,5.0,,5,9,HR,1
64,88993.0,25.0,24.0,12,5,HR,1
27,62616.0,38.0,48.0,2,9,HR,1
63,72127.0,,29.0,10,4,IT,1
30,94777.0,13.0,,6,5,HR,1
54,20453.0,36.0,32.0,7,9,IT,1
55,95432.0,7.0,48.0,13,4,IT,1
41,,38.0,24.0,2,5,IT,1
19,30976.0,12.0,31.0,1,5,IT,0
39,119122.0,12.0,32.0,13,4,HR,1
34,90404.0,39.0,41.0,7,4,HR,1
53,101932.0,27.0,59.0,1,5,HR,1
31,117170.0,17.0,34.0,3,6,Sales,1
27,97707.0,,32.0,4,7,Sales,1
52,109647.0,37.0,20.0,2,6,IT,1
42,53688.0,31.0,57.0,7,1,IT,0
20,106840.0,21.0,20.0,5,2,IT,1
64,113789.0,1.0,,1,7,IT,1
55,116516.0,12.0,59.0,12,3,IT,1
34,,22.0,41.0,12,2,Sales,0
29,27957.0,24.0,,8,6,IT,0
41,24792.0,27.0,25.0,10,4,HR,0
46,75982.0,10.0,47.0,7,5,IT,1
60,33237.0,32.0,50.0,4,6,HR,0
42,71586.0,23.0,27.0,2,3,HR,1
53,101787.0,1.0,24.0,7,1,HR,1
43,39252.0,29.0,36.0,11,3,HR,0
55,30707.0,16.0,57.0,2,3,IT,0
18,54206.0,39.0,28.0,6,6,IT,0
37,114276.0,,29.0,1,4,IT,1
45,23543.0,37.0,39.0,14,7,IT,1
33,64135.0,21.0,33.0,7,2,IT,1
64,55031.0,4.0,33.0,7,4,Sales,0
34,62929.0,39.0,45.0,12,8,HR,1
57,85747.0,15.0,48.0,4,6,HR,1
45,77851.0,12.0,46.0,4,3,Sales,1
29,75311.0,25.0,44.0,10,2,Sales,1
44,85867.0,,35.0,5,3,IT,1
59,108780.0,38.0,55.0,2,1,IT,1
64,77196.0,22.0,53.0,9,1,HR,1
47,93705.0,11.0,35.0,10,2,IT,1
58,77894.0,13.0,52.0,4,3,HR,1
51,107640.0,17.0,,11,9,IT,1
54,34591.0,26.0,42.0,9,8,IT,1
23,117247.0,,30.0,14,9,HR,1
24,68893.0,17.0,37.0,3,7,Sales,1
49,20727.0,15.0,48.0,9,7,Sales,1
49,41359.0,15.0,24.0,1,5,IT,0
42,63822.0,12.0,43.0,7,7,Sales,1
50,108534.0,28.0,48.0,4,4,IT,1
24,30929.0,8.0,48.0,7,5,Sales,0
29,80091.0,25.0,45.0,14,1,Sales,1
33,100378.0,27.0,59.0,10,4,HR,1
33,43519.0,,22.0,6,3,Sales,0
60,37393.0,35.0,21.0,4,2,IT,0
53,54318.0,8.0,44.0,4,2,HR,0
30,94531.0,,38.0,8,8,Sales,1
24,114192.0,11.0,59.0,7,1,HR,1
53,67934.0,31.0,21.0,4,8,Sales,1
64,101103.0,37.0,38.0,11,9,IT,1
26,48840.0,2.0,20.0,6,6,IT,0
49,109367.0,15.0,46.0,6,1,HR,1
28,,19.0,54.0,1,7,Sales,1
25,,31.0,24.0,13,5,Sales,0
50,40625.0,22.0,57.0,2,9,HR,1
40,599965.0,16.0,23.0,4,7,HR,1
42,49187.0,15.0,36.0,6,5,IT,0
25,,37.0,40.0,6,2,HR,0
62,81892.0,7.0,50.0,1,4,Sales,1
39,40539.0,18.0,41.0,8,2,HR,0
21,76630.0,29.0,30.0,2,9,IT,1
57,110639.0,33.0,53.0,13,2,HR,1
20,113410.0,,34.0,5,2,Sales,1
46,29215.0,21.0,29.0,4,2,HR,0
58,59385.0,,57.0,5,1,HR,0
46,,,51.0,5,9,HR,1
51,97462.0,31.0,50.0,10,8,IT,1
51,117037.0,12.0,56.0,8,2,IT,1
45,115310.0,20.0,47.0,10,2,IT,1
30,45008.0,39.0,50.0,7,5,IT,0
32,68928.0,32.0,25.0,12,4,Sales,1
40,103096.0,26.0,33.0,14,2,Sales,1
61,109876.0,34.0,42.0,9,8,IT,1
43,44976.0,15.0,35.0,12,8,IT,1
21,47626.0,27.0,44.0,11,4,IT,0
43,118256.0,33.0,58.0,13,4,HR,1
57,79789.0,0.0,21.0,1,9,Sales,1
26,24700.0,30.0,57.0,6,4,HR,0
22,83645.0,35.0,58.0,6,9,IT,1
49,93396.0,32.0,53.0,2,3,Sales,1
37,27526.0,32.0,59.0,11,2,IT,0
28,59500.0,38.0,,8,8,HR,1
32,88049.0,17.0,55.0,6,3,Sales,1
49,93366.0,22.0,35.0,11,2,HR,1
45,100317.0,22.0,37.0,13,8,Sales,1
39,79117.0,14.0,32.0,10,8,IT,1
58,76096.0,25.0,56.0,9,5,Sales,1
34,27910.0,29.0,46.0,10,9,HR,1
43,101383.0,24.0,53.0,5,6,HR,1
61,91185.0,15.0,30.0,7,5,HR,1
24,,38.0,20.0,6,3,HR,1
59,94656.0,13.0,32.0,11,7,IT,1
43,21951.0,16.0,49.0,5,9,HR,1
42,85212.0,,24.0,6,4,IT,1
27,95701.0,28.0,37.0,4,7,Sales,1
62,99888.0,31.0,33.0,3,3,HR,1
36,95282.0,23.0,32.0,13,2,Sales,1
28,114533.0,12.0,51.0,1,1,Sales,1
30,61954.0,19.0,,1,6,IT,1
25,109719.0,14.0,27.0,6,5,HR,1
57,,3.0,26.0,14,2,IT,0
21,112705.0,33.0,35.0,9,3,HR,1
64,20595.0,27.0,50.0,8,9,Sales,1
48,49592.0,1.0,46.0,12,3,IT,0
45,60643.0,29.0,52.0,2,7,HR,1
28,82665.0,25.0,48.0,9,1,Sales,1
60,40823.0,25.0,27.0,8,7,IT,1
18,25972.0,19.0,52.0,14,9,IT,1
64,35882.0,27.0,38.0,14,8,IT,1
55,,19.0,40.0,12,7,IT,1
41,91055.0,10.0,40.0,9,8,Sales,1
64,43769.0,9.0,44.0,4,4,Sales,0
48,45020.0,22.0,42.0,9,2,Sales,0
58,62748.0,36.0,30.0,2,9,Sales,1
63,105374.0,18.0,52.0,13,3,HR,1
43,64912.0,17.0,39.0,1,4,Sales,1
22,32879.0,26.0,44.0,13,7,IT,1
37,53798.0,5.0,45.0,9,2,IT,0
58,,9.0,59.0,10,8,IT,1
28,66073.0,1.0,31.0,8,8,IT,1
50,95791.0,23.0,51.0,7,5,HR,1
55,86983.0,,52.0,14,9,IT,1
44,63005.0,27.0,29.0,13,8,IT,1
51,114731.0,27.0,,8,1,IT,1
32,22850.0,38.0,34.0,12,9,Sales,1
49,48400.0,1.0,25.0,1,5,Sales,0
38,31953.0,4.0,46.0,14,9,HR,1
63,43535.0,10.0,24.0,9,9,HR,1
22,95536.0,9.0,,12,3,HR,1
23,95039.0,1.0,37.0,10,8,IT,1
55,101029.0,14.0,47.0,11,7,HR,1
39,24055.0,38.0,54.0,9,7,Sales,1
35,58170.0,36.0,41.0,12,2,Sales,0
31,117944.0,6.0,53.0,11,2,Sales,1
27,119976.0,19.0,23.0,9,2,IT,1
63,48251.0,33.0,37.0,13,2,IT,0
30,24532.0,34.0,45.0,14,4,HR,0
48,599965.0,33.0,41.0,6,7,HR,1
47,68037.0,21.0,52.0,4,2,HR,1
20,98082.0,30.0,33.0,13,5,HR,1
47,,22.0,50.0,2,7,IT,1
23,91621.0,18.0,29.0,11,9,Sales,1
46,,3.0,43.0,4,8,IT,1
25,98816.0,23.0,40.0,7,9,HR,1
61,109654.0,19.0,27.0,1,7,IT,1
62,90400.0,38.0,51.0,14,3,Sales,1
60,119525.0,27.0,50.0,9,1,IT,1
61,112385.0,38.0,53.0,3,7,Sales,1
50,113102.0,16.0,42.0,13,6,HR,1
34,30702.0,18.0,44.0,13,2,IT,0
28,35385.0,34.0,26.0,4,1,HR,0
30,29336.0,31.0,38.0,12,4,HR,0
28,85421.0,38.0,,5,4,Sales,1
48,51225.0,34.0,27.0,12,6,Sales,0
45,56021.0,29.0,33.0,13,5,HR,0
61,,16.0,20.0,3,9,Sales,1
23,108877.0,28.0,32.0,4,8,Sales,1
58,109630.0,5.0,22.0,5,9,HR,1
33,69111.0,16.0,47.0,12,7,HR,1
21,109402.0,16.0,57.0,1,9,Sales,1
52,104585.0,,34.0,14,3,HR,1
43,62719.0,23.0,55.0,9,9,HR,1
29,116528.0,36.0,22.0,10,2,Sales,1
28,69037.0,39.0,23.0,13,9,IT,1
54,100103.0,38.0,24.0,10,6,IT,1
42,23513.0,,45.0,13,4,HR,0
35,33335.0,35.0,,14,2,Sales,0
36,64140.0,36.0,29.0,4,3,HR,1
40,100373.0,13.0,27.0,13,5,Sales,1
55,97658.0,26.0,31.0,9,9,HR,1
35,54840.0,18.0,22.0,4,7,HR,1
43,51007.0,30.0,46.0,14,3,Sales,0
23,76947.0,8.0,,1,4,HR,1
21,113220.0,37.0,59.0,12,2,IT,1
61,46393.0,,52.0,5,8,IT,1
46,77480.0,18.0,33.0,13,6,Sales,1
51,108290.0,3.0,42.0,9,3,HR,1
34,106335.0,10.0,50.0,3,5,IT,1
60,29107.0,21.0,32.0,5,5,Sales,0
60,,3.0,31.0,3,1,Sales,0
33,116341.0,16.0,54.0,12,5,Sales,1
19,113650.0,7.0,37.0,3,6,IT,1
51,72066.0,33.0,40.0,1,2,IT,1
25,62942.0,10.0,20.0,2,3,IT,1
30,36138.0,30.0,57.0,2,5,IT,0
59,64527.0,10.0,28.0,9,3,HR,1
25,29190.0,37.0,42.0,7,5,IT,0
47,112259.0,20.0,33.0,8,5,Sales,1
49,98422.0,29.0,30.0,2,8,HR,1
53,75698.0,9.0,,9,9,IT,1
64,102315.0,25.0,50.0,13,8,HR,1
47,113710.0,26.0,43.0,3,3,Sales,1
18,49086.0,7.0,45.0,10,1,IT,0
60,37322.0,38.0,49.0,13,3,HR,0
56,103569.0,7.0,53.0,2,1,IT,1
34,105610.0,7.0,57.0,12,9,HR,1
37,,33.0,24.0,1,3,HR,0
41,73331.0,15.0,24.0,9,8,Sales,1
39,48942.0,12.0,38.0,8,6,Sales,0
46,79635.0,,57.0,13,3,IT,1
39,49059.0,11.0,47.0,12,9,IT,1
61,77557.0,,45.0,11,8,HR,1
26,72389.0,21.0,42.0,4,3,Sales,1
54,73014.0,31.0,49.0,7,7,Sales,1
27,52826.0,26.0,22.0,12,5,HR,0
53,50297.0,1.0,47.0,14,2,Sales,0
54,63890.0,32.0,52.0,3,8,Sales,1
45,41322.0,25.0,22.0,3,1,HR,0
45,599965.0,27.0,24.0,4,4,IT,0
59,29719.0,18.0,38.0,2,4,IT,0
60,99553.0,4.0,20.0,14,5,IT,1
38,28314.0,32.0,57.0,10,4,HR,0
41,113831.0,19.0,28.0,4,1,IT,1
59,95164.0,29.0,24.0,10,7,HR,1
57,97028.0,7.0,53.0,3,2,HR,1
19,56113.0,37.0,,8,3,Sales,0
25,35357.0,16.0,52.0,11,5,Sales,0
44,118865.0,0.0,44.0,2,8,IT,1
39,40365.0,2.0,48.0,11,8,HR,1
54,59029.0,25.0,44.0,9,2,IT,0
44,21737.0,30.0,28.0,3,9,IT,1
46,94632.0,7.0,22.0,4,6,Sales,1
20,105474.0,7.0,34.0,13,9,IT,1
61,98218.0,34.0,23.0,10,4,IT,1
30,47499.0,38.0,57.0,14,3,Sales,0
62,66157.0,27.0,39.0,10,5,IT,1
27,76247.0,3.0,42.0,3,5,IT,1
53,,15.0,56.0,3,4,HR,1
26,20294.0,12.0,27.0,8,7,IT,1
44,599965.0,19.0,56.0,8,8,Sales,1
51,44596.0,4.0,52.0,13,5,Sales,0
18,118185.0,36.0,52.0,13,9,HR,1
49,31434.0,19.0,26.0,6,7,Sales,1
42,78382.0,23.0,41.0,4,7,Sales,1
46,58098.0,35.0,24.0,1,8,Sales,1
24,24655.0,33.0,34.0,4,4,IT,0
20,103029.0,33.0,40.0,8,6,HR,1
37,66228.0,18.0,,6,5,HR,1
37,23771.0,16.0,36.0,2,1,HR,0
47,94099.0,4.0,26.0,3,9,HR,1
52,76799.0,24.0,38.0,12,2,Sales,1
52,82257.0,17.0,,7,6,IT,1
56,37558.0,,59.0,11,8,Sales,1
44,119468.0,26.0,43.0,11,3,Sales,1
43,78436.0,14.0,30.0,4,5,Sales,1
31,,12.0,20.0,4,7,Sales,1
34,52376.0,15.0,51.0,5,4,HR,0
35,107458.0,21.0,59.0,8,5,HR,1
62,97924.0,19.0,21.0,14,1,IT,1
46,49332.0,12.0,34.0,14,4,Sales,0
37,66737.0,19.0,40.0,7,7,HR,1
44,109031.0,1.0,43.0,9,7,IT,1
35,93970.0,34.0,36.0,5,4,Sales,1
21,71952.0,18.0,28.0,1,6,Sales,1
18,40991.0,36.0,,4,5,HR,0
18,47472.0,,39.0,6,1,Sales,0
43,79946.0,13.0,38.0,6,8,Sales,1
62,46849.0,3.0,37.0,9,7,HR,1
37,21541.0,21.0,39.0,10,5,IT,0
40,22765.0,38.0,49.0,13,7,IT,1
27,63074.0,35.0,59.0,5,3,HR,1
28,49283.0,33.0,20.0,5,8,HR,1
58,20769.0,26.0,43.0,6,5,IT,0
58,37806.0,6.0,43.0,11,2,IT,0
22,110518.0,2.0,38.0,6,2,HR,1
18,,32.0,49.0,3,4,HR,0
34,38256.0,1.0,45.0,6,7,HR,1
39,38653.0,,57.0,8,4,Sales,0
51,106669.0,24.0,48.0,12,9,HR,1
62,59339.0,14.0,32.0,6,2,Sales,0
58,45757.0,23.0,23.0,12,6,IT,0
46,62399.0,14.0,36.0,11,4,IT,1
21,64013.0,30.0,52.0,5,6,HR,1
22,117605.0,13.0,24.0,3,9,HR,1
28,34706.0,13.0,47.0,1,9,IT,1
38,58231.0,5.0,43.0,5,9,IT,1
52,47909.0,13.0,,6,9,IT,1
29,96631.0,16.0,58.0,14,3,IT,1
43,77572.0,17.0,59.0,6,9,HR,1
36,105879.0,19.0,30.0,14,3,Sales,1
62,599965.0,16.0,,6,3,IT,1
24,46469.0,15.0,32.0,3,5,IT,0
64,21313.0,39.0,27.0,4,6,Sales,0
24,27847.0,38.0,20.0,3,9,HR,1
43,70222.0,31.0,,2,1,Sales,1
57,94702.0,8.0,,8,8,HR,1
22,29930.0,26.0,,7,4,HR,0
38,23285.0,32.0,33.0,11,7,HR,1
31,55863.0,9.0,32.0,8,6,HR,0
21,36704.0,16.0,21.0,13,6,HR,0
40,38705.0,35.0,23.0,6,7,IT,1
59,20555.0,16.0,31.0,11,4,HR,0
37,41323.0,17.0,29.0,12,6,IT,0
32,90968.0,,22.0,14,3,HR,1
62,86922.0,33.0,23.0,7,5,IT,1
46,73915.0,7.0,,1,2,Sales,1
25,30619.0,12.0,42.0,10,3,Sales,0
58,92390.0,22.0,24.0,5,9,IT,1
36,79274.0,19.0,22.0,4,6,HR,1
56,93173.0,21.0,29.0,10,3,IT,1
63,41225.0,22.0,38.0,3,2,IT,0
45,46739.0,34.0,33.0,2,5,HR,0
63,67708.0,2.0,40.0,14,5,Sales,1
44,73019.0,33.0,47.0,14,1,IT,1
21,96154.0,,40.0,9,3,Sales,1
32,27373.0,16.0,55.0,8,7,Sales,1
52,55281.0,18.0,43.0,10,9,Sales,1
54,40187.0,29.0,57.0,2,5,IT,0
18,87863.0,22.0,36.0,6,4,IT,1
20,117927.0,14.0,41.0,3,3,HR,1
64,104085.0,13.0,38.0,3,9,HR,1
41,59220.0,1.0,29.0,5,7,IT,1
44,27642.0,38.0,30.0,7,7,HR,1
57,99971.0,17.0,57.0,7,8,Sales,1
53,75556.0,,21.0,11,1,Sales,1
51,53760.0,31.0,52.0,10,4,IT,0
46,58192.0,,50.0,1,5,Sales,0
41,24381.0,39.0,54.0,11,5,IT,0
41,116583.0,27.0,56.0,7,1,IT,1
59,39558.0,26.0,55.0,7,3,IT,0
21,50782.0,1.0,42.0,6,2,Sales,0
20,24782.0,32.0,55.0,6,7,IT,1
51,111417.0,15.0,59.0,13,5,IT,1
40,74712.0,38.0,58.0,13,3,HR,1
40,114945.0,21.0,45.0,2,8,Sales,1
62,39462.0,12.0,44.0,3,1,IT,0
22,80030.0,1.0,36.0,3,1,HR,1
48,88519.0,13.0,34.0,13,6,IT,1
58,76411.0,37.0,56.0,3,1,Sales,1
23,75206.0,27.0,,2,4,HR,1
54,,6.0,41.0,9,6,HR,1
27,66950.0,17.0,36.0,6,1,IT,1
57,22523.0,35.0,41.0,2,9,IT,1
24,80926.0,35.0,36.0,3,4,Sales,1
56,29677.0,3.0,33.0,10,9,Sales,1
55,95828.0,29.0,33.0,6,9,IT,1
38,35089.0,23.0,36.0,4,6,HR,0
37,24581.0,19.0,27.0,7,7,Sales,1
20,31907.0,30.0,53.0,6,1,Sales,0
39,25609.0,,45.0,6,5,HR,0
64,71153.0,6.0,49.0,12,3,IT,1
21,,25.0,41.0,3,6,Sales,1
45,64143.0,12.0,35.0,11,4,HR,1
29,42936.0,7.0,49.0,8,9,Sales,1
55,,4.0,35.0,9,7,HR,1
53,119524.0,12.0,57.0,6,4,Sales,1
64,115042.0,,43.0,2,6,IT,1
58,33163.0,19.0,55.0,1,2,HR,0
22,79758.0,13.0,54.0,3,3,Sales,1
30,66057.0,31.0,25.0,3,7,Sales,1
40,32537.0,26.0,23.0,8,4,HR,0
47,42419.0,24.0,37.0,5,7,HR,1
54,62578.0,3.0,25.0,1,9,IT,1
42,94991.0,20.0,45.0,11,5,HR,1
44,94599.0,17.0,56.0,4,1,Sales,1
31,20834.0,38.0,46.0,7,5,IT,0
64,52214.0,14.0,30.0,5,6,HR,0
53,112934.0,37.0,57.0,10,2,Sales,1
56,22413.0,23.0,35.0,13,8,HR,1
33,29505.0,7.0,38.0,6,2,Sales,0
39,22105.0,27.0,34.0,14,9,Sales,1
38,88104.0,20.0,45.0,10,2,IT,1
38,78408.0,15.0,50.0,4,3,IT,1
25,57679.0,15.0,38.0,2,8,HR,1
33,119096.0,34.0,43.0,9,6,IT,1
48,99731.0,16.0,28.0,2,1,HR,1
59,85131.0,8.0,42.0,2,4,IT,1
27,84280.0,,23.0,13,5,IT,1
49,35762.0,28.0,29.0,12,3,HR,0
51,78703.0,38.0,28.0,2,1,IT,1
26,101434.0,17.0,38.0,1,3,IT,1
34,83079.0,11.0,34.0,13,9,IT,1
28,41577.0,,53.0,12,2,IT,0
49,21214.0,,38.0,12,1,HR,0
27,106339.0,14.0,40.0,3,7,Sales,1
39,68114.0,0.0,53.0,6,7,HR,1
34,109234.0,1.0,,7,5,HR,1
21,83230.0,7.0,37.0,1,2,HR,1
64,52980.0,21.0,,14,1,IT,0
42,87194.0,24.0,21.0,5,5,IT,1
38,97806.0,1.0,,5,4,Sales,1
54,57792.0,8.0,29.0,1,9,IT,1
55,65807.0,8.0,56.0,4,5,Sales,1
18,,12.0,24.0,10,2,Sales,0
42,25141.0,5.0,31.0,1,4,IT,0
53,33777.0,29.0,55.0,13,9,Sales,1
34,58346.0,14.0,50.0,14,8,HR,1
58,74703.0,14.0,57.0,1,3,HR,1
41,114977.0,6.0,28.0,12,8,HR,1
19,67819.0,10.0,45.0,7,2,Sales,1
57,48469.0,39.0,34.0,7,3,Sales,0
32,23845.0,37.0,35.0,3,5,HR,0
49,43290.0,39.0,32.0,7,8,IT,1
56,50699.0,1.0,44.0,3,1,HR,0
23,64252.0,,49.0,2,4,IT,1
18,118682.0,9.0,26.0,10,1,IT,1
64,23293.0,16.0,23.0,4,1,Sales,0
40,77089.0,6.0,59.0,14,5,Sales,1
56,36608.0,39.0,57.0,10,6,IT,0
34,86273.0,38.0,49.0,3,1,IT,1
51,36619.0,3.0,29.0,12,6,IT,0
58,98006.0,34.0,49.0,7,5,Sales,1
46,107908.0,35.0,58.0,12,4,HR,1
26,101653.0,30.0,,12,5,IT,1
30,34779.0,24.0,55.0,1,8,Sales,1
23,71040.0,12.0,54.0,6,9,HR,1
23,114830.0,17.0,43.0,14,2,Sales,1
37,76325.0,20.0,58.0,2,6,HR,1
20,41630.0,0.0,55.0,8,3,Sales,0
34,32178.0,35.0,39.0,14,2,HR,0
29,39935.0,7.0,51.0,5,1,IT,0
64,,,58.0,3,4,Sales,1
62,42784.0,20.0,45.0,10,8,HR,1
18,83722.0,,45.0,7,3,HR,1
34,43027.0,18.0,55.0,14,5,HR,0
20,116544.0,22.0,,11,5,IT,1
43,599965.0,34.0,,2,5,Sales,1
32,87359.0,39.0,31.0,5,9,HR,1
53,92388.0,4.0,52.0,11,8,IT,1
49,98608.0,7.0,55.0,8,8,IT,1
49,96669.0,10.0,33.0,13,1,IT,1
21,35111.0,15.0,52.0,11,1,IT,0
35,52312.0,38.0,43.0,1,2,IT,0
36,44161.0,23.0,34.0,1,8,IT,1
60,87313.0,20.0,50.0,3,1,IT,1
52,70374.0,22.0,36.0,3,4,Sales,1
57,44014.0,37.0,31.0,13,9,Sales,1
31,100308.0,7.0,41.0,7,2,IT,1
50,66389.0,,,6,3,HR,1
31,38161.0,1.0,45.0,7,6,HR,0
51,27490.0,29.0,33.0,4,3,HR,0
21,44502.0,12.0,31.0,11,4,IT,0
41,55757.0,22.0,23.0,2,9,HR,1
46,61111.0,28.0,32.0,2,9,Sales,1
36,,37.0,37.0,10,5,Sales,1
23,103245.0,36.0,47.0,1,7,Sales,1
50,78645.0,19.0,,14,9,Sales,1
57,79055.0,32.0,38.0,13,8,IT,1
36,28998.0,28.0,57.0,14,7,Sales,1
18,48906.0,14.0,,9,8,HR,1
22,90192.0,22.0,38.0,14,5,HR,1
44,70477.0,2.0,39.0,14,5,Sales,1
33,,36.0,44.0,7,5,Sales,0
23,111271.0,28.0,30.0,10,1,Sales,1
57,72021.0,7.0,36.0,3,6,HR,1
30,49092.0,,54.0,2,5,HR,0
52,,28.0,33.0,14,8,Sales,1
36,21831.0,1.0,58.0,3,8,HR,1
29,,0.0,38.0,7,2,HR,1
33,48511.0,19.0,22.0,5,6,IT,0
60,92782.0,20.0,53.0,12,6,Sales,1
27,117003.0,36.0,41.0,3,3,Sales,1
42,,7.0,57.0,9,1,IT,0
37,75568.0,26.0,46.0,2,7,IT,1
48,,34.0,40.0,7,5,HR,0
21,71507.0,5.0,50.0,10,5,IT,1
61,96508.0,18.0,46.0,6,8,Sales,1
40,30683.0,17.0,56.0,6,5,Sales,0
19,43664.0,0.0,21.0,14,5,Sales,0
39,53172.0,24.0,28.0,7,1,HR,0
54,103641.0,26.0,38.0,6,2,HR,1
25,84340.0,6.0,55.0,2,5,Sales,1
24,107236.0,28.0,29.0,11,7,Sales,1
31,31017.0,30.0,59.0,5,3,HR,0
20,56613.0,35.0,58.0,3,1,HR,0
33,106130.0,18.0,26.0,9,2,IT,1
36,96920.0,5.0,23.0,8,3,HR,1
35,50348.0,24.0,34.0,10,9,HR,1
33,,30.0,31.0,11,8,Sales,1
25,,8.0,25.0,2,4,Sales,0
50,98648.0,19.0,,1,8,Sales,1
29,599965.0,9.0,54.0,4,9,IT,1
28,78759.0,36.0,,4,3,HR,1
22,64553.0,26.0,,12,6,IT,1
44,20968.0,12.0,23.0,10,8,HR,1
29,20368.0,1.0,32.0,11,7,HR,1
34,93960.0,20.0,38.0,2,9,Sales,1
23,55010.0,32.0,26.0,7,7,HR,1
50,74154.0,23.0,29.0,13,1,IT,1
22,55851.0,33.0,44.0,3,9,Sales,1
45,45496.0,8.0,54.0,7,5,IT,0
31,50936.0,1.0,44.0,7,6,IT,0
22,98858.0,29.0,48.0,1,2,Sales,1
50,87005.0,21.0,31.0,6,2,HR,1
58,57493.0,10.0,59.0,4,4,IT,0
36,89795.0,16.0,31.0,11,4,HR,1
39,56390.0,35.0,25.0,8,5,Sales,0
22,30292.0,12.0,29.0,8,7,HR,1
19,112377.0,6.0,21.0,3,1,HR,1
47,48365.0,15.0,44.0,4,4,Sales,0
64,37207.0,32.0,26.0,1,9,HR,1
56,42912.0,,59.0,10,8,IT,1
21,100771.0,10.0,42.0,2,3,IT,1
50,76572.0,5.0,30.0,7,6,IT,1
30,119083.0,19.0,55.0,14,9,HR,1
37,39276.0,34.0,42.0,11,8,IT,1
24,117459.0,36.0,26.0,12,7,HR,1
32,25534.0,25.0,46.0,7,7,HR,1
40,112005.0,11.0,32.0,13,1,HR,1
31,55670.0,29.0,36.0,9,5,HR,0
40,82147.0,27.0,51.0,10,7,Sales,1
36,118099.0,26.0,45.0,9,2,IT,1
46,56486.0,18.0,41.0,9,6,IT,0
37,85557.0,4.0,32.0,6,2,HR,1
46,54268.0,4.0,31.0,8,3,Sales,0
41,101335.0,26.0,26.0,9,1,HR,1
35,46336.0,27.0,20.0,12,3,IT,0
27,23641.0,25.0,52.0,14,7,IT,1
58,107132.0,26.0,33.0,7,5,Sales,1
25,52959.0,20.0,36.0,4,4,HR,0
43,33306.0,0.0,23.0,14,8,Sales,1
46,66182.0,27.0,58.0,4,8,HR,1
27,94123.0,14.0,20.0,6,1,Sales,1
34,76326.0,16.0,43.0,14,9,IT,1
19,116895.0,25.0,53.0,11,9,Sales,1
23,,19.0,53.0,4,2,IT,0
22,90198.0,24.0,43.0,11,2,IT,1
45,47197.0,,34.0,7,8,HR,1
58,,32.0,36.0,8,6,Sales,0
22,110201.0,24.0,32.0,8,3,Sales,1
35,45032.0,7.0,26.0,14,2,Sales,0
43,79624.0,4.0,28.0,8,5,Sales,1
37,98177.0,5.0,54.0,2,8,HR,1
58,61964.0,22.0,42.0,14,6,HR,1
44,50028.0,29.0,58.0,10,3,HR,0
29,74646.0,13.0,42.0,2,9,IT,1
24,101187.0,22.0,45.0,2,8,IT,1
20,28536.0,10.0,20.0,2,6,IT,0
27,76747.0,30.0,33.0,4,1,HR,1
51,65712.0,5.0,51.0,5,2,IT,1
42,,10.0,29.0,4,4,Sales,0
52,91820.0,12.0,20.0,5,2,IT,1
33,111228.0,11.0,24.0,4,3,HR,1
19,94353.0,1.0,22.0,7,8,HR,1
41,114491.0,34.0,46.0,10,9,HR,1
27,112091.0,35.0,41.0,1,6,HR,1
55,105914.0,16.0,37.0,14,4,Sales,1
39,70830.0,27.0,35.0,13,2,IT,1
43,37127.0,27.0,21.0,1,7,IT,1
60,103488.0,21.0,32.0,2,7,HR,1
56,31539.0,37.0,35.0,13,9,IT,1
44,66761.0,6.0,27.0,1,5,Sales,1
46,66219.0,14.0,27.0,12,4,HR,1
64,34692.0,,29.0,10,6,IT,0
55,103656.0,10.0,52.0,12,2,IT,1
37,33334.0,23.0,50.0,12,2,IT,0
44,48615.0,2.0,31.0,10,9,IT,1
58,27903.0,29.0,28.0,13,7,HR,1
37,48527.0,5.0,56.0,14,7,HR,1
61,35629.0,1.0,28.0,11,5,Sales,0
36,78008.0,13.0,37.0,3,7,HR,1
37,599965.0,17.0,49.0,6,9,IT,1
52,119318.0,30.0,51.0,10,5,IT,1
64,46708.0,12.0,59.0,11,9,IT,1
19,30860.0,25.0,42.0,6,1,Sales,0
47,37438.0,11.0,,1,3,HR,0
51,87300.0,17.0,,6,7,HR,1
39,91545.0,8.0,38.0,5,4,HR,1
20,40842.0,20.0,55.0,7,2,IT,0
23,80213.0,39.0,45.0,6,3,IT,1
32,62372.0,23.0,29.0,12,7,IT,1
44,118971.0,33.0,43.0,12,8,Sales,1
27,88906.0,7.0,32.0,7,9,Sales,1
26,58744.0,32.0,53.0,2,6,IT,0
50,77442.0,22.0,48.0,12,9,Sales,1
49,105990.0,12.0,55.0,1,4,Sales,1
23,23650.0,13.0,26.0,14,5,Sales,0
58,65117.0,13.0,49.0,7,1,HR,1
53,,15.0,36.0,9,9,Sales,1
19,72772.0,37.0,32.0,2,9,IT,1
46,23190.0,38.0,43.0,12,9,HR,1
21,68113.0,25.0,50.0,7,3,Sales,1
18,28789.0,25.0,46.0,3,8,IT,1
36,52125.0,0.0,40.0,6,3,Sales,0
43,118695.0,31.0,20.0,3,6,IT,1
42,37459.0,14.0,34.0,13,5,IT,0
27,55418.0,,22.0,10,8,Sales,1
32,67085.0,17.0,25.0,13,3,Sales,1
39,38768.0,29.0,33.0,11,1,HR,0
38,69961.0,12.0,57.0,11,9,Sales,1
39,101099.0,23.0,52.0,11,9,IT,1
53,47885.0,,57.0,5,3,HR,0
51,107421.0,1.0,27.0,2,2,IT,1
47,81082.0,18.0,45.0,8,4,IT,1
42,26895.0,24.0,34.0,14,8,Sales,1
62,70311.0,13.0,33.0,8,6,IT,1
45,,5.0,,7,1,Sales,1
18,87067.0,11.0,38.0,6,8,IT,1
62,91017.0,19.0,52.0,1,5,HR,1
21,43932.0,22.0,55.0,8,6,Sales,0
24,41360.0,29.0,43.0,1,5,HR,0
26,74847.0,29.0,29.0,8,5,Sales,1
53,110365.0,37.0,,11,3,HR,1
36,105468.0,29.0,55.0,2,4,Sales,1
18,58931.0,29.0,55.0,8,5,HR,0
27,75823.0,35.0,35.0,10,2,HR,1
53,58032.0,33.0,34.0,12,6,Sales,0
26,101426.0,15.0,37.0,4,2,Sales,1
62,38807.0,23.0,,7,4,IT,0
63,31767.0,13.0,41.0,5,1,IT,0
59,28071.0,25.0,51.0,8,4,Sales,0
49,73413.0,7.0,38.0,12,7,Sales,1
49,46149.0,13.0,59.0,6,8,HR,1
23,35540.0,30.0,20.0,14,2,HR,0
55,90248.0,1.0,54.0,5,3,IT,1
34,111737.0,3.0,24.0,1,1,IT,1
27,105435.0,0.0,31.0,3,7,IT,1
44,39787.0,19.0,31.0,10,4,HR,0
52,40982.0,13.0,40.0,9,8,HR,1
38,42606.0,39.0,38.0,14,5,HR,0
42,30150.0,24.0,28.0,9,9,IT,1
45,105929.0,24.0,55.0,5,6,Sales,1
64,66936.0,2.0,,3,2,IT,1
32,113286.0,4.0,54.0,6,1,HR,1
21,28593.0,37.0,50.0,5,1,IT,0
46,37358.0,25.0,51.0,1,9,IT,1
26,102143.0,39.0,56.0,2,1,IT,1
44,57381.0,37.0,51.0,12,3,IT,0
43,110347.0,37.0,56.0,5,2,HR,1
36,48074.0,3.0,,14,4,IT,0
45,40595.0,6.0,57.0,9,1,HR,0
34,64194.0,29.0,49.0,12,1,IT,1
60,69377.0,29.0,51.0,4,4,HR,1
58,46853.0,18.0,21.0,9,4,Sales,0
59,93719.0,38.0,,3,7,HR,1
37,40661.0,34.0,39.0,1,8,HR,1
62,70493.0,39.0,56.0,6,8,Sales,1
57,56495.0,32.0,28.0,10,8,Sales,1
56,33703.0,32.0,57.0,14,9,Sales,1
40,73080.0,13.0,38.0,7,1,Sales,1
64,,37.0,59.0,4,9,Sales,1
49,49565.0,9.0,26.0,10,8,Sales,1
64,83321.0,27.0,24.0,5,1,IT,1
50,78453.0,13.0,43.0,4,7,IT,1
63,108478.0,35.0,26.0,3,9,Sales,1
22,53161.0,37.0,30.0,1,4,HR,0
60,75991.0,15.0,28.0,13,9,HR,1
51,29716.0,20.0,49.0,6,1,Sales,0
57,53349.0,27.0,22.0,10,9,IT,1
28,67098.0,32.0,41.0,5,6,IT,1
20,20132.0,,59.0,11,4,HR,0
50,71990.0,,39.0,1,5,Sales,1
28,88921.0,2.0,51.0,5,7,IT,1
33,56538.0,34.0,26.0,6,4,Sales,0
35,119279.0,13.0,26.0,10,8,Sales,1
47,27213.0,1.0,39.0,5,3,HR,0
27,64223.0,28.0,44.0,1,2,Sales,1
35,111655.0,3.0,54.0,14,1,Sales,1
55,88371.0,25.0,43.0,5,6,HR,1
36,88274.0,11.0,59.0,10,2,IT,1
53,599965.0,1.0,32.0,1,8,Sales,1
30,111428.0,16.0,58.0,11,4,HR,1
63,59601.0,34.0,23.0,3,9,IT,1
20,93889.0,9.0,31.0,12,4,Sales,1
27,35690.0,21.0,36.0,13,4,IT,0
55,21909.0,20.0,20.0,2,8,HR,1
18,111239.0,14.0,36.0,13,8,Sales,1
44,100032.0,34.0,21.0,1,5,HR,1
63,32062.0,20.0,25.0,4,3,HR,0
25,95386.0,20.0,30.0,2,2,Sales,1
63,113237.0,20.0,37.0,5,9,HR,1
59,54731.0,31.0,59.0,10,9,IT,1
34,25153.0,4.0,,1,5,HR,0
26,30481.0,38.0,58.0,12,8,Sales,1
23,119270.0,8.0,47.0,10,7,Sales,1
60,86425.0,17.0,35.0,1,3,IT,1
42,83600.0,20.0,31.0,11,5,Sales,1
56,104981.0,7.0,48.0,10,9,HR,1
45,91997.0,33.0,42.0,4,4,HR,1
50,48205.0,9.0,40.0,7,3,Sales,0
54,108887.0,,35.0,14,7,IT,1
26,101542.0,39.0,45.0,14,8,IT,1
35,64149.0,23.0,56.0,2,5,Sales,1
38,69112.0,31.0,41.0,2,8,HR,1
19,30940.0,32.0,29.0,1,5,Sales,0
60,79010.0,,26.0,5,9,Sales,1
55,599965.0,33.0,28.0,6,7,IT,1
57,44485.0,10.0,44.0,13,5,HR,0
53,109299.0,30.0,34.0,6,9,IT,1
60,21067.0,17.0,32.0,2,5,IT,0
54,40607.0,22.0,45.0,12,8,HR,1
32,81597.0,,,12,4,HR,1
45,94554.0,17.0,42.0,7,9,HR,1
35,68521.0,39.0,47.0,6,6,Sales,1
51,35187.0,38.0,57.0,8,6,HR,0
39,23985.0,19.0,31.0,6,3,Sales,0
28,63052.0,12.0,,9,3,IT,1
30,39563.0,0.0,32.0,10,4,HR,0
21,67322.0,3.0,59.0,2,1,Sales,1
39,81245.0,23.0,21.0,7,6,Sales,1
24,71514.0,35.0,58.0,5,1,Sales,1
60,,35.0,31.0,1,4,Sales,0
41,87262.0,1.0,58.0,3,7,IT,1
21,112118.0,27.0,,4,6,HR,1
45,91327.0,25.0,49.0,12,8,HR,1
32,77225.0,22.0,38.0,2,4,HR,1
18,,14.0,50.0,7,9,HR,1
20,37221.0,35.0,44.0,1,8,HR,1
31,68506.0,26.0,23.0,3,5,HR,1
55,40968.0,5.0,32.0,12,6,Sales,0
18,102606.0,34.0,55.0,9,5,HR,1
55,47937.0,38.0,56.0,11,6,Sales,0
55,82435.0,37.0,,14,1,IT,1
38,69508.0,34.0,35.0,2,4,Sales,1
46,61831.0,35.0,45.0,5,9,IT,1
22,62933.0,9.0,59.0,4,4,HR,1
27,67307.0,29.0,58.0,12,2,IT,1
45,68340.0,37.0,38.0,3,6,IT,1
38,106338.0,,34.0,5,2,Sales,1
24,63601.0,38.0,,6,3,Sales,1
20,95956.0,3.0,40.0,1,7,IT,1
62,92178.0,4.0,20.0,2,4,IT,1
64,105311.0,3.0,25.0,1,1,HR,1
37,48754.0,35.0,46.0,3,9,Sales,1
36,63310.0,15.0,42.0,8,6,IT,1
52,89893.0,24.0,50.0,8,9,Sales,1
21,106799.0,13.0,31.0,4,3,HR,1
22,68367.0,10.0,40.0,6,5,HR,1
18,33201.0,28.0,21.0,12,9,IT,1
21,22739.0,33.0,24.0,9,6,HR,0
29,,21.0,28.0,14,2,IT,0
44,62495.0,13.0,39.0,7,1,Sales,1
59,41168.0,23.0,37.0,2,9,Sales,1
40,52624.0,38.0,41.0,11,1,IT,0
42,30635.0,25.0,,2,5,IT,0
38,29964.0,35.0,53.0,3,1,IT,0
41,47785.0,38.0,28.0,8,5,Sales,0
42,115046.0,15.0,26.0,10,5,Sales,1
62,102797.0,37.0,49.0,9,7,HR,1
63,104790.0,31.0,37.0,13,7,HR,1
49,96928.0,5.0,46.0,14,1,Sales,1
49,32336.0,33.0,35.0,3,9,Sales,1
22,97475.0,7.0,40.0,9,1,IT,1
53,47412.0,29.0,,12,5,Sales,0
63,102212.0,26.0,48.0,12,7,Sales,1
59,95379.0,6.0,56.0,10,8,HR,1
59,,26.0,41.0,12,2,HR,1
56,,24.0,33.0,8,1,IT,1
33,110648.0,14.0,38.0,5,4,HR,1
50,116134.0,24.0,54.0,11,4,IT,1
38,55454.0,21.0,43.0,10,6,Sales,0
26,118537.0,17.0,,3,1,Sales,1
23,,,22.0,11,1,IT,1
62,47228.0,22.0,53.0,7,3,HR,0
52,34429.0,38.0,21.0,9,5,HR,0
56,104294.0,24.0,34.0,12,6,Sales,1
39,87808.0,9.0,56.0,6,5,HR,1
58,102886.0,29.0,34.0,3,5,IT,1
22,599965.0,9.0,51.0,5,9,Sales,1
59,108074.0,33.0,,7,2,HR,1
40,88936.0,12.0,36.0,8,1,Sales,1
34,100907.0,28.0,53.0,13,6,Sales,1
29,77378.0,37.0,51.0,14,9,HR,1
40,57310.0,8.0,42.0,12,7,IT,1
33,103683.0,12.0,54.0,4,8,HR,1
20,,36.0,56.0,2,5,HR,1
47,55256.0,13.0,56.0,10,4,HR,0
39,96428.0,36.0,52.0,2,6,HR,1
26,119862.0,8.0,44.0,12,3,HR,1
46,58889.0,7.0,56.0,3,1,HR,0
64,,38.0,59.0,8,4,IT,1
54,57207.0,39.0,40.0,1,9,Sales,1
40,70255.0,2.0,57.0,14,4,IT,1
30,111531.0,39.0,59.0,7,1,HR,1
49,25409.0,32.0,53.0,6,4,IT,0
63,62438.0,31.0,38.0,14,7,Sales,1
64,115359.0,6.0,46.0,2,3,IT,1
40,27869.0,18.0,28.0,9,6,HR,0
62,76862.0,33.0,24.0,13,1,Sales,1
34,,13.0,24.0,12,4,HR,1
57,45958.0,18.0,44.0,5,3,HR,0
38,96302.0,25.0,45.0,2,1,Sales,1
19,39768.0,16.0,38.0,3,3,Sales,0
54,116330.0,27.0,49.0,7,4,HR,1
23,46145.0,18.0,55.0,7,5,IT,0
61,95622.0,26.0,,10,6,Sales,1
35,46442.0,18.0,26.0,1,2,IT,0
47,101948.0,32.0,37.0,10,2,IT,1
39,45596.0,6.0,40.0,14,6,Sales,0
50,95791.0,28.0,50.0,11,5,IT,1
47,62406.0,4.0,20.0,11,1,Sales,1
34,60524.0,29.0,22.0,12,3,Sales,1
60,43332.0,7.0,50.0,4,5,Sales,0
49,35764.0,11.0,44.0,6,2,Sales,0
59,47563.0,12.0,27.0,8,1,IT,0
31,107675.0,25.0,20.0,3,9,IT,1
27,56370.0,17.0,26.0,14,5,Sales,0
64,25062.0,19.0,26.0,3,2,Sales,0
53,64645.0,15.0,27.0,8,4,Sales,1
51,27244.0,36.0,38.0,8,3,Sales,0
26,26372.0,2.0,36.0,8,7,HR,1
59,105501.0,26.0,30.0,1,1,IT,1
45,84471.0,14.0,30.0,8,4,IT,1
28,36956.0,33.0,57.0,8,7,Sales,1
31,60473.0,21.0,21.0,2,5,HR,1
56,33894.0,39.0,23.0,12,4,HR,0
64,118918.0,22.0,47.0,9,4,HR,1
36,89586.0,3.0,52.0,7,2,Sales,1
32,36709.0,22.0,30.0,8,8,HR,1
45,101258.0,8.0,22.0,2,4,Sales,1
41,35210.0,23.0,59.0,4,2,HR,0
25,69510.0,20.0,24.0,7,9,Sales,1
60,58674.0,15.0,,6,7,Sales,1
26,37733.0,24.0,41.0,7,3,IT,0
64,40080.0,25.0,56.0,1,7,Sales,1
50,73412.0,8.0,30.0,8,1,HR,1
50,78971.0,14.0,41.0,13,1,IT,1
36,59709.0,38.0,32.0,7,4,HR,0
20,79846.0,32.0,22.0,13,4,Sales,1
27,85480.0,0.0,32.0,4,4,IT,1
57,72960.0,4.0,47.0,1,9,Sales,1
64,61152.0,8.0,30.0,8,6,Sales,1
59,47250.0,5.0,30.0,10,3,HR,0
18,105765.0,27.0,40.0,7,6,HR,1
46,68137.0,25.0,40.0,8,2,HR,1
51,102011.0,27.0,26.0,10,2,IT,1
30,66412.0,39.0,36.0,1,7,HR,1
18,63876.0,14.0,33.0,5,3,Sales,1
51,114547.0,5.0,52.0,9,7,IT,1
46,93664.0,26.0,30.0,5,3,HR,1
64,70227.0,37.0,32.0,13,2,HR,1
30,52450.0,3.0,20.0,14,4,HR,0
46,104433.0,10.0,53.0,14,4,Sales,1
56,93704.0,20.0,28.0,10,3,HR,1
41,26861.0,29.0,32.0,12,9,Sales,1
43,,17.0,56.0,3,6,IT,1
34,83888.0,34.0,49.0,9,5,HR,1
24,99286.0,2.0,56.0,13,6,Sales,1
30,81293.0,,26.0,9,8,HR,1
22,102524.0,,33.0,4,5,HR,1
43,88515.0,29.0,25.0,4,4,IT,1
20,43524.0,20.0,53.0,11,7,IT,1
24,27065.0,37.0,,8,5,Sales,0
56,57684.0,20.0,56.0,7,4,Sales,0
18,108720.0,,55.0,11,5,Sales,1
34,53365.0,39.0,25.0,5,4,IT,0
60,78876.0,14.0,27.0,6,8,Sales,1
42,43704.0,17.0,43.0,3,8,IT,1
20,77857.0,28.0,22.0,14,1,IT,1
32,25622.0,37.0,23.0,6,3,HR,0
46,103797.0,20.0,51.0,13,4,HR,1
60,113955.0,16.0,20.0,8,2,Sales,1
49,111141.0,17.0,53.0,10,5,IT,1
43,114707.0,36.0,28.0,14,8,IT,1
33,107700.0,37.0,31.0,13,2,IT,1
42,,11.0,29.0,11,9,HR,1
45,116856.0,10.0,29.0,9,7,IT,1
26,86201.0,19.0,42.0,3,6,Sales,1
18,52694.0,8.0,25.0,8,8,Sales,1
46,109766.0,0.0,43.0,12,2,HR,1
39,42995.0,2.0,,3,5,Sales,0
33,112320.0,20.0,40.0,2,4,IT,1
58,100141.0,22.0,50.0,5,8,IT,1
61,102999.0,8.0,49.0,14,1,Sales,1
58,28419.0,18.0,53.0,4,3,HR,0
24,67952.0,18.0,37.0,13,8,IT,1
31,53837.0,22.0,31.0,5,5,IT,0
46,90799.0,26.0,54.0,6,4,HR,1
36,68877.0,26.0,26.0,3,6,IT,1
36,65687.0,38.0,59.0,1,5,Sales,1
19,119667.0,35.0,44.0,4,3,Sales,1
58,57276.0,11.0,25.0,6,5,HR,0
62,54523.0,26.0,20.0,2,4,HR,0
32,86055.0,33.0,35.0,2,1,Sales,1
20,74615.0,32.0,23.0,1,1,HR,1
28,116642.0,27.0,48.0,9,7,Sales,1
63,30514.0,30.0,57.0,3,4,HR,0
47,67456.0,31.0,47.0,2,1,Sales,1
57,27233.0,19.0,41.0,4,6,IT,0
35,21102.0,39.0,27.0,6,1,IT,0
19,86133.0,34.0,51.0,1,8,Sales,1
49,66715.0,30.0,52.0,9,9,IT,1
25,105193.0,30.0,32.0,9,3,Sales,1
39,26256.0,37.0,,8,7,HR,1
23,84800.0,21.0,37.0,6,5,IT,1
29,114937.0,8.0,37.0,4,3,IT,1
64,61548.0,8.0,32.0,2,5,IT,1
57,92090.0,14.0,41.0,8,7,Sales,1
53,98200.0,12.0,33.0,7,7,IT,1
32,62367.0,21.0,30.0,12,9,HR,1
45,109922.0,,,14,8,IT,1
62,90382.0,,41.0,4,4,HR,1
35,46205.0,1.0,55.0,3,5,IT,0
19,45570.0,25.0,36.0,6,5,IT,0
30,50255.0,13.0,51.0,1,2,HR,0
62,41182.0,37.0,33.0,2,7,IT,1
32,59373.0,33.0,,7,7,HR,1
37,63019.0,7.0,25.0,11,9,HR,1
46,82619.0,35.0,23.0,3,9,HR,1
59,36043.0,20.0,30.0,14,4,IT,0
46,65532.0,27.0,59.0,13,5,IT,1
20,85936.0,5.0,29.0,1,7,HR,1
36,,19.0,47.0,2,7,IT,1
20,30416.0,30.0,30.0,10,8,Sales,1
31,23412.0,32.0,54.0,10,8,HR,1
57,101976.0,6.0,34.0,14,2,HR,1
21,44406.0,7.0,27.0,9,9,Sales,1
28,21875.0,8.0,39.0,7,4,Sales,0
48,57066.0,1.0,40.0,7,1,HR,0
60,25752.0,16.0,20.0,14,1,Sales,0
49,106753.0,36.0,48.0,10,5,HR,1
44,98025.0,16.0,43.0,8,7,IT,1
47,21353.0,37.0,,12,5,Sales,0
60,46986.0,34.0,59.0,12,3,HR,0
19,106907.0,38.0,54.0,8,7,HR,1
26,34691.0,29.0,52.0,9,1,HR,0
45,89847.0,5.0,39.0,2,1,Sales,1
48,68075.0,3.0,35.0,14,2,IT,1
51,30794.0,36.0,28.0,8,1,IT,0
32,88470.0,34.0,50.0,8,9,Sales,1
42,36406.0,8.0,36.0,13,4,HR,0
53,95930.0,5.0,50.0,5,7,HR,1
25,,12.0,42.0,5,5,HR,0
26,61708.0,21.0,25.0,4,7,Sales,1
54,40800.0,27.0,49.0,14,7,Sales,1
62,63397.0,29.0,26.0,5,1,HR,1
56,57909.0,35.0,59.0,2,1,HR,0
49,41352.0,,30.0,2,3,HR,0
34,113848.0,35.0,53.0,5,2,Sales,1
52,,7.0,31.0,11,7,Sales,1
54,108921.0,8.0,,13,3,IT,1
36,64999.0,0.0,31.0,3,7,HR,1
61,38482.0,,32.0,1,9,HR,1
46,52471.0,14.0,27.0,9,1,IT,0
24,67279.0,31.0,35.0,2,3,HR,1
45,74213.0,33.0,48.0,14,6,IT,1
26,33026.0,30.0,54.0,12,9,Sales,1
45,105184.0,13.0,48.0,14,5,IT,1
23,25435.0,13.0,50.0,10,3,IT,0
46,28493.0,28.0,32.0,2,8,Sales,1
34,92227.0,18.0,31.0,14,5,HR,1
33,79321.0,26.0,21.0,4,6,IT,1
40,22763.0,8.0,52.0,2,2,IT,0
48,40389.0,36.0,27.0,7,4,HR,0
20,51498.0,36.0,59.0,12,1,IT,0
38,83755.0,27.0,51.0,10,4,Sales,1
43,55825.0,23.0,57.0,1,1,IT,0
53,36934.0,27.0,47.0,11,4,HR,0
59,25574.0,35.0,34.0,2,2,HR,0
54,58179.0,17.0,,11,6,IT,0
39,21587.0,24.0,,5,6,HR,0
59,62782.0,34.0,32.0,2,8,HR,1
29,74412.0,3.0,,9,9,IT,1
59,80561.0,13.0,31.0,4,8,IT,1
30,97224.0,38.0,32.0,9,1,HR,1
28,,25.0,58.0,11,3,IT,0
33,91319.0,7.0,42.0,12,6,Sales,1
25,119016.0,23.0,47.0,1,1,IT,1
57,46751.0,15.0,,1,8,HR,1
57,58174.0,,36.0,1,6,Sales,0
62,76572.0,14.0,43.0,14,1,HR,1
19,81416.0,,53.0,4,2,HR,1
47,32041.0,16.0,41.0,9,6,Sales,0
47,43227.0,21.0,29.0,8,8,IT,1
29,55201.0,21.0,,7,5,HR,0
27,56069.0,11.0,40.0,1,1,IT,0
61,102190.0,17.0,56.0,3,2,IT,1
28,46370.0,14.0,26.0,9,4,Sales,0
32,115018.0,36.0,45.0,9,4,HR,1
33,31586.0,15.0,32.0,5,7,Sales,1
34,70231.0,4.0,35.0,12,2,Sales,1
43,25322.0,1.0,,13,7,HR,1
19,85294.0,27.0,50.0,6,7,HR,1
29,599965.0,26.0,24.0,11,7,Sales,1
43,49299.0,30.0,51.0,13,3,Sales,0
40,110715.0,35.0,,6,6,Sales,1
35,90793.0,0.0,28.0,10,6,HR,1
49,66501.0,28.0,41.0,4,4,HR,1
55,,0.0,59.0,1,1,Sales,1
64,,7.0,56.0,5,9,HR,1
20,31249.0,15.0,,13,2,HR,0
55,41390.0,27.0,35.0,1,9,HR,1
20,40369.0,21.0,39.0,1,8,IT,1
47,32881.0,17.0,34.0,11,1,IT,0
18,29587.0,21.0,45.0,5,7,Sales,1
47,113800.0,11.0,,5,3,IT,1
62,94327.0,18.0,,7,9,Sales,1
49,,24.0,54.0,2,5,Sales,1
45,108147.0,4.0,39.0,6,3,HR,1
38,27833.0,33.0,25.0,2,8,Sales,1
63,67013.0,38.0,29.0,13,3,Sales,1
30,83620.0,9.0,,10,7,Sales,1
44,35754.0,,35.0,5,7,Sales,1
53,98113.0,36.0,55.0,4,7,HR,1
24,116631.0,14.0,25.0,11,1,HR,1
39,106784.0,23.0,38.0,10,5,Sales,1
27,599965.0,25.0,50.0,5,1,IT,0
56,56737.0,25.0,21.0,2,7,IT,1
32,117427.0,25.0,37.0,8,8,Sales,1
32,44124.0,,47.0,8,7,HR,1
21,90102.0,16.0,23.0,6,1,Sales,1
49,22196.0,,20.0,3,3,Sales,0
40,81527.0,,35.0,4,3,HR,1
23,116651.0,,21.0,1,7,IT,1
41,105395.0,26.0,55.0,9,4,Sales,1
37,31345.0,8.0,20.0,10,3,HR,0
54,54077.0,6.0,58.0,5,6,HR,0
37,86400.0,9.0,42.0,14,6,Sales,1
29,32055.0,8.0,45.0,8,5,HR,0
50,105283.0,21.0,30.0,3,6,Sales,1
45,64484.0,22.0,20.0,4,3,IT,1
25,97514.0,6.0,30.0,4,5,Sales,1
18,110135.0,8.0,,8,9,IT,1
54,55771.0,26.0,29.0,12,4,HR,0
39,77654.0,23.0,33.0,9,2,Sales,1
23,66540.0,28.0,33.0,3,5,HR,1
38,103151.0,16.0,26.0,7,3,Sales,1
49,49377.0,19.0,42.0,9,3,HR,0
52,,6.0,41.0,2,4,IT,1
32,69573.0,39.0,55.0,4,4,Sales,1
22,62733.0,6.0,46.0,3,5,HR,1
63,31760.0,27.0,21.0,8,7,Sales,1
23,119250.0,18.0,58.0,4,4,Sales,1
42,45762.0,19.0,38.0,9,7,IT,1
63,70986.0,38.0,26.0,1,9,HR,1
57,54332.0,,31.0,1,3,Sales,0
46,60100.0,6.0,22.0,4,5,Sales,1
24,24944.0,5.0,24.0,3,4,Sales,0
57,68825.0,24.0,27.0,3,9,Sales,1
30,33877.0,12.0,33.0,10,5,Sales,0
55,49990.0,,55.0,12,2,HR,0
35,,39.0,26.0,2,1,Sales,1
19,75283.0,21.0,26.0,14,7,Sales,1
25,23258.0,,51.0,10,1,Sales,0
28,51629.0,21.0,27.0,10,8,HR,1
50,57579.0,33.0,31.0,2,9,Sales,1
55,42958.0,7.0,29.0,8,7,Sales,1
44,59465.0,17.0,33.0,1,9,IT,1
37,105853.0,,28.0,14,6,IT,1
29,35775.0,1.0,57.0,8,7,Sales,1
60,96575.0,1.0,49.0,10,3,Sales,1
48,114633.0,26.0,24.0,3,9,IT,1
44,54207.0,13.0,,2,3,HR,0
49,42553.0,38.0,,9,6,HR,0
27,73632.0,11.0,39.0,5,4,IT,1
20,,31.0,30.0,14,9,Sales,1
62,108697.0,27.0,45.0,5,1,IT,1
44,52873.0,27.0,22.0,13,9,HR,1
52,100720.0,24.0,25.0,6,4,IT,1
48,86205.0,3.0,,4,5,HR,1
32,98199.0,25.0,27.0,7,1,Sales,1
33,45318.0,35.0,48.0,7,1,Sales,0
30,53734.0,2.0,29.0,11,6,Sales,0
52,102227.0,0.0,53.0,9,1,HR,1
28,38522.0,16.0,43.0,6,2,IT,0
38,31656.0,6.0,36.0,13,3,Sales,0
28,35893.0,4.0,51.0,1,7,HR,1
47,36493.0,18.0,30.0,9,2,Sales,0
52,23632.0,38.0,53.0,12,5,IT,0
39,115872.0,33.0,43.0,13,9,Sales,1
55,,34.0,24.0,10,8,HR,1
48,81779.0,15.0,48.0,9,8,HR,1
31,58452.0,39.0,53.0,5,2,Sales,0
41,33266.0,38.0,,7,1,Sales,0
49,81607.0,26.0,44.0,1,9,HR,1
53,36940.0,37.0,56.0,4,4,Sales,0
49,44003.0,24.0,27.0,12,9,Sales,1
32,118408.0,25.0,48.0,10,7,Sales,1
60,54815.0,13.0,44.0,4,6,IT,0
52,50869.0,13.0,42.0,5,9,IT,1
20,,13.0,53.0,6,4,IT,1
33,80107.0,24.0,22.0,4,1,Sales,1
22,102793.0,35.0,49.0,6,5,HR,1
38,599965.0,,53.0,10,6,Sales,0
27,39622.0,14.0,51.0,7,6,Sales,0
36,50408.0,31.0,48.0,3,1,IT,0
46,72413.0,15.0,45.0,2,3,Sales,1
51,98840.0,30.0,,12,4,IT,1
47,102928.0,35.0,25.0,6,4,Sales,1
50,,35.0,51.0,6,6,HR,0
45,58084.0,26.0,47.0,8,6,Sales,0
52,108151.0,33.0,31.0,4,4,IT,1
31,,27.0,28.0,1,6,HR,0
37,96411.0,,,11,8,HR,1
55,54178.0,1.0,24.0,13,8,HR,1
31,37010.0,34.0,40.0,9,8,HR,1
19,115233.0,1.0,50.0,10,8,Sales,1
39,,34.0,38.0,10,5,IT,0
62,23121.0,21.0,53.0,4,4,Sales,0
32,45933.0,,28.0,13,1,HR,0
49,76523.0,4.0,53.0,8,9,Sales,1
32,40655.0,29.0,22.0,8,1,Sales,0
59,93922.0,11.0,,6,5,IT,1
52,93927.0,20.0,23.0,12,8,Sales,1
51,109385.0,11.0,38.0,2,1,IT,1
50,54782.0,32.0,24.0,7,6,HR,0
36,116033.0,34.0,48.0,14,6,IT,1
23,49661.0,16.0,46.0,6,3,Sales,0
60,68924.0,39.0,54.0,5,7,Sales,1
37,27566.0,16.0,47.0,7,7,HR,1
56,57684.0,20.0,56.0,7,4,Sales,0
60,40354.0,30.0,52.0,9,4,Sales,0
35,58170.0,36.0,41.0,12,2,Sales,0
61,,28.0,,7,5,HR,1
40,88936.0,12.0,36.0,8,1,Sales,1
62,599965.0,16.0,33.0,3,9,IT,1
32,69112.0,5.0,34.0,14,7,HR,1
40,77767.0,35.0,38.0,2,1,HR,1
51,30794.0,36.0,28.0,8,1,IT,0
40,22763.0,8.0,52.0,2,2,IT,0
46,52567.0,13.0,44.0,2,2,Sales,0
22,105844.0,26.0,50.0,9,9,HR,1
18,68270.0,22.0,,11,1,IT,1
54,57792.0,8.0,29.0,1,9,IT,1
44,54207.0,13.0,,2,3,HR,0
35,46532.0,28.0,53.0,1,4,IT,0
41,46498.0,3.0,31.0,4,6,Sales,0
47,112259.0,20.0,33.0,8,5,Sales,1
44,45613.0,23.0,52.0,8,5,IT,0
21,32192.0,35.0,31.0,5,9,Sales,1
36,52766.0,,41.0,1,8,HR,1
24,59131.0,16.0,26.0,13,2,Sales,0
40,54550.0,8.0,34.0,11,5,HR,0
55,47937.0,38.0,56.0,11,6,Sales,0
40,74387.0,25.0,58.0,7,1,HR,1
49,55450.0,4.0,47.0,1,9,IT,1
32,81597.0,,,12,4,HR,1
45,91327.0,25.0,49.0,12,8,HR,1
47,22244.0,16.0,50.0,10,1,HR,0
39,55897.0,14.0,46.0,1,7,HR,1
53,70733.0,11.0,52.0,8,7,HR,1
24,104181.0,4.0,24.0,8,4,Sales,1
46,76063.0,32.0,59.0,14,7,Sales,1
45,80931.0,29.0,30.0,6,6,HR,1
27,24603.0,25.0,50.0,3,4,HR,0
30,35577.0,,48.0,8,7,Sales,1
48,101149.0,7.0,57.0,11,5,Sales,1
25,84340.0,6.0,55.0,2,5,Sales,1
40,74712.0,38.0,58.0,13,3,HR,1
38,101199.0,3.0,27.0,7,6,Sales,1
38,115989.0,,30.0,8,5,HR,1
62,,39.0,46.0,3,6,HR,0
43,106373.0,22.0,28.0,12,9,IT,1
30,68639.0,3.0,41.0,3,3,IT,1
29,69464.0,18.0,42.0,10,6,IT,1
26,26372.0,2.0,36.0,8,7,HR,1
43,63254.0,16.0,57.0,6,8,Sales,1
64,42439.0,0.0,39.0,3,3,IT,0
23,56683.0,15.0,26.0,13,8,HR,1
33,31669.0,,30.0,4,6,HR,0
57,53065.0,15.0,21.0,1,3,Sales,0
55,50930.0,24.0,36.0,2,3,HR,0
35,60317.0,6.0,59.0,5,9,Sales,1
28,79342.0,24.0,26.0,12,9,Sales,1
26,75087.0,12.0,22.0,4,4,HR,1
56,,28.0,57.0,13,7,HR,1
20,,6.0,46.0,9,3,Sales,1
23,89526.0,13.0,53.0,9,4,Sales,1
46,49332.0,12.0,34.0,14,4,Sales,0
32,41292.0,,26.0,12,4,IT,0
37,104685.0,23.0,50.0,14,8,Sales,1
18,111561.0,24.0,20.0,6,4,Sales,1
49,110710.0,0.0,36.0,4,5,IT,1
61,60863.0,17.0,22.0,2,9,IT,1
32,86055.0,33.0,35.0,2,1,Sales,1
60,102674.0,13.0,33.0,11,9,IT,1
54,59029.0,25.0,44.0,9,2,IT,0
43,86809.0,16.0,55.0,13,1,IT,1
46,119165.0,4.0,,12,7,HR,1
64,103384.0,10.0,38.0,13,5,IT,1
29,87766.0,,30.0,11,8,HR,1
50,78971.0,14.0,41.0,13,1,IT,1
23,,36.0,47.0,1,8,HR,1
58,116498.0,27.0,22.0,13,3,Sales,1
26,,,58.0,5,5,Sales,1
57,111056.0,38.0,30.0,4,4,Sales,1
29,63240.0,18.0,46.0,5,7,IT,1
59,81360.0,0.0,22.0,8,2,IT,1
58,25269.0,12.0,45.0,12,7,HR,1
41,101335.0,26.0,26.0,9,1,HR,1
29,,31.0,34.0,8,1,HR,1
57,100059.0,2.0,26.0,1,7,HR,1
43,95910.0,2.0,,3,8,IT,1
21,72774.0,16.0,27.0,14,2,Sales,1
24,41360.0,29.0,43.0,1,5,HR,0
62,44495.0,12.0,45.0,1,3,HR,0
26,82320.0,6.0,,12,5,IT,1
19,104284.0,15.0,59.0,7,2,IT,1
38,58231.0,5.0,43.0,5,9,IT,1
48,63856.0,1.0,42.0,14,7,IT,1
36,35896.0,16.0,30.0,10,6,IT,0
54,116881.0,7.0,50.0,8,6,HR,1
26,29196.0,19.0,47.0,6,7,HR,1
18,38300.0,35.0,39.0,12,7,Sales,1
43,55303.0,29.0,30.0,8,7,HR,1
38,71658.0,21.0,46.0,10,2,HR,1
62,26089.0,26.0,48.0,8,5,HR,0
32,40811.0,16.0,38.0,7,3,Sales,0
35,46205.0,1.0,55.0,3,5,IT,0
29,71934.0,,,13,5,HR,1
53,60718.0,37.0,33.0,7,3,Sales,1
51,102011.0,27.0,26.0,10,2,IT,1
21,87657.0,0.0,20.0,4,5,Sales,1
42,43704.0,17.0,43.0,3,8,IT,1
56,113944.0,7.0,41.0,2,8,HR,1
38,90601.0,30.0,36.0,10,8,Sales,1
51,111417.0,15.0,59.0,13,5,IT,1
62,118991.0,12.0,33.0,7,5,Sales,1
38,77608.0,4.0,41.0,4,4,IT,1
63,28346.0,22.0,46.0,3,9,HR,1
23,117247.0,,30.0,14,9,HR,1
22,95536.0,9.0,,12,3,HR,1
46,66182.0,27.0,58.0,4,8,HR,1
30,66202.0,30.0,47.0,5,6,HR,1
55,103291.0,22.0,47.0,14,4,HR,1
18,109462.0,5.0,53.0,4,7,IT,1
20,81108.0,16.0,28.0,1,4,HR,1
18,66531.0,38.0,32.0,2,9,Sales,1
30,97224.0,38.0,32.0,9,1,HR,1
40,49680.0,15.0,31.0,3,9,HR,1
64,46708.0,12.0,59.0,11,9,IT,1
62,105178.0,0.0,40.0,2,7,IT,1
43,56160.0,30.0,43.0,13,4,HR,0
38,52317.0,39.0,22.0,3,1,Sales,0
23,48690.0,8.0,37.0,8,2,HR,0
35,31154.0,4.0,48.0,4,8,IT,1
56,107902.0,0.0,29.0,13,2,HR,1
53,28123.0,27.0,24.0,11,2,HR,0
50,116134.0,24.0,54.0,11,4,IT,1
55,,0.0,59.0,1,1,Sales,1
57,36574.0,17.0,45.0,10,3,Sales,0
40,53340.0,38.0,47.0,7,1,Sales,0
43,106292.0,9.0,,4,9,HR,1
41,35032.0,11.0,33.0,14,5,Sales,0
55,103565.0,25.0,34.0,4,5,IT,1
59,39539.0,5.0,33.0,8,8,Sales,1
57,,38.0,40.0,9,4,IT,0
51,31814.0,12.0,21.0,9,6,Sales,0
35,51422.0,39.0,43.0,5,7,HR,1
64,50791.0,13.0,49.0,11,3,Sales,0
54,57099.0,0.0,27.0,3,1,Sales,0
51,79473.0,8.0,20.0,13,5,Sales,1
31,79095.0,22.0,56.0,7,8,HR,1
41,22887.0,28.0,44.0,13,8,Sales,1
19,55208.0,16.0,36.0,10,9,IT,1
25,36576.0,32.0,34.0,5,3,Sales,0
35,111137.0,,58.0,11,7,IT,1
20,51186.0,15.0,57.0,5,6,HR,0
26,119508.0,30.0,40.0,8,9,IT,1
45,58507.0,24.0,42.0,14,3,HR,0
50,96777.0,14.0,38.0,14,8,Sales,1
51,102994.0,21.0,46.0,12,1,IT,1
47,,22.0,50.0,2,7,IT,1
41,70508.0,1.0,39.0,11,9,HR,1
41,106402.0,8.0,30.0,12,9,IT,1
28,79658.0,9.0,,4,9,HR,1
24,71514.0,35.0,58.0,5,1,Sales,1
62,91260.0,18.0,39.0,11,8,IT,1
32,35960.0,13.0,48.0,1,8,IT,1
25,102895.0,15.0,51.0,5,6,Sales,1
23,46660.0,37.0,42.0,6,2,IT,0
39,88681.0,12.0,39.0,11,8,HR,1
58,84919.0,18.0,50.0,12,9,Sales,1
49,114337.0,9.0,,8,3,HR,1
62,21987.0,7.0,,6,9,Sales,1
23,37796.0,34.0,27.0,1,7,IT,1
27,25313.0,25.0,40.0,5,6,IT,0
48,85614.0,18.0,57.0,3,1,Sales,1
29,27957.0,24.0,,8,6,IT,0
22,97475.0,7.0,40.0,9,1,IT,1
31,83261.0,13.0,39.0,1,4,IT,1
30,26638.0,8.0,23.0,8,5,Sales,0
57,36459.0,7.0,54.0,3,2,IT,0
36,,21.0,57.0,4,9,IT,1
53,74401.0,,54.0,8,6,Sales,1
36,21831.0,1.0,58.0,3,8,HR,1
